Title,UPC,Review_rating,Product_Type,Price_excel_tax,Price_incl_tax,Tax,Availability,Review_num
Sapiens: A Brief History of Humankind,4165285e1663650f,5 星,Books,￥462.63,￥462.63,￥0.00,0,0
Libertarianism for Beginners,a18a4f574854aced,2 星,Books,￥437.89,￥437.89,￥0.00,9,0
Mesaerion: The Best Science Fiction Stories 1800-1849,e30f54cea9b38190,1 星,Books,￥320.68,￥320.68,￥0.00,9,0
A Light in the Attic,a897fe39b1053632,3 星,Books,￥441.64,￥441.64,￥0.00,2,0
Soumission,6957f44c3847a760,1 星,Books,￥427.40,￥427.40,￥0.00,0,0
Sharp Objects,e00eb4fd7b871a48,4 星,Books,￥407.95,￥407.95,￥0.00,0,0
Tipping the Velvet,90fa61229261140a,1 星,Books,￥458.45,￥458.45,￥0.00,0,0
It's Only the Himalayas,a22124811bfa8350,2 星,Books,￥385.34,￥385.34,￥0.00,9,0
Olio,feb7cc7701ecf901,1 星,Books,￥203.72,￥203.72,￥0.00,9,0
"Our Band Could Be Your Life: Scenes from the American Indie Underground, 1981-1991",deda3e61b9514b83,3 星,Books,￥488.39,￥488.39,￥0.00,9,0
Scott Pilgrim's Precious Little Life (Scott Pilgrim #1),3b1c02bac2a429e6,5 星,Books,￥446.08,￥446.08,￥0.00,9,0
Shakespeare's Sonnets,30a7f60cd76ca58c,4 星,Books,￥176.25,￥176.25,￥0.00,9,0
Rip it Up and Start Again,a34ba96d4081e6a4,5 星,Books,￥298.75,￥298.75,￥0.00,9,0
Set Me Free,ce6396b0f23f6ecc,5 星,Books,￥148.95,￥148.95,￥0.00,9,0
The Boys in the Boat: Nine Americans and Their Epic Quest for Gold at the 1936 Berlin Olympics,e10e1e165dc8be4a,4 星,Books,￥192.80,￥192.80,￥0.00,9,0
The Dirty Little Secrets of Getting Your Dream Job,2597b5a345f45e1b,4 星,Books,￥284.42,￥284.42,￥0.00,9,0
The Requiem Red,f77dbf2323deb740,1 星,Books,￥193.22,￥193.22,￥0.00,9,0
"The Coming Woman: A Novel Based on the Life of the Infamous Feminist, Victoria Woodhull",e72a5dfc7e9267b2,3 星,Books,￥152.96,￥152.96,￥0.00,9,0
The Bear and the Piano,9f6568e9c95f60b0,1 星,Books,￥314.70,￥314.70,￥0.00,8,0
The Elephant Tree,5dada2b7be26bd03,5 星,Books,￥203.21,￥203.21,￥0.00,8,0
"Starving Hearts (Triangular Trade Trilogy, #1)",0312262ecafa5a40,2 星,Books,￥119.35,￥119.35,￥0.00,9,0
The Black Maria,1dfe412b8ac00530,1 星,Books,￥444.89,￥444.89,￥0.00,9,0
The Five Love Languages: How to Express Heartfelt Commitment to Your Mate,3c039985229453bf,3 星,Books,￥264.88,￥264.88,￥0.00,8,0
Behind Closed Doors,be5cc846f45496fb,4 星,Books,￥445.48,￥445.48,￥0.00,8,0
You can't bury them all: Poems,55f9da0c5eea2e10,2 星,Books,￥286.89,￥286.89,￥0.00,7,0
"In a Dark, Dark Wood",19ed25f4641d5efd,1 星,Books,￥167.46,￥167.46,￥0.00,8,0
Maude (1883-1993):She Grew Up with the country,094b269567e1c300,2 星,Books,￥153.73,￥153.73,￥0.00,8,0
Penny Maybe,668fe56b17cfcd4f,3 星,Books,￥283.99,￥283.99,￥0.00,8,0
Sophie's World,6be3beb0793a53e7,5 星,Books,￥135.98,￥135.98,￥0.00,8,0
The Four Agreements: A Practical Guide to Personal Freedom,6258a1f6a6dcfe50,5 星,Books,￥150.66,￥150.66,￥0.00,8,0
Wall and Piece,ccd9ffa25efabdea,4 星,Books,￥376.90,￥376.90,￥0.00,8,0
America's Cradle of Quarterbacks: Western Pennsylvania's Football Factory from Johnny Unitas to Joe Montana,c7d160c2c0de586f,3 星,Books,￥191.95,￥191.95,￥0.00,9,0
Worlds Elsewhere: Journeys Around Shakespeare’s Globe,4c28def39d850cdf,5 星,Books,￥343.80,￥343.80,￥0.00,8,0
Aladdin and His Wonderful Lamp,904208d6aa64b655,3 星,Books,￥453.25,￥453.25,￥0.00,9,0
Birdsong: A Story in Pictures,9528d0948525bf5f,3 星,Books,￥466.13,￥466.13,￥0.00,9,0
Black Dust,00bfed9e18bb36f3,5 星,Books,￥294.57,￥294.57,￥0.00,9,0
"Foolproof Preserving: A Guide to Small Batch Jams, Jellies, Pickles, Condiments, and More: A Foolproof Guide to Making Small Batch Jams, Jellies, Pickles, Condiments, and More",5674a18a29a43ced,3 星,Books,￥260.36,￥260.36,￥0.00,9,0
Chase Me (Paris Nights #2),c2e46a2ee3b4a322,5 星,Books,￥215.58,￥215.58,￥0.00,9,0
How Music Works,327f68a59745c102,2 星,Books,￥318.37,￥318.37,￥0.00,9,0
In Her Wake,23356462d1320d61,1 星,Books,￥109.54,￥109.54,￥0.00,9,0
#HigherSelfie: Wake Up Your Life. Free Your Soul. Find Your Tribe.,c27f6e1f185b0383,5 星,Books,￥197.15,￥197.15,￥0.00,7,0
When We Collided,3ecb690d1542c568,1 星,Books,￥271.03,￥271.03,￥0.00,6,0
Without Borders (Wanderlove #1),acddfeab2a407640,2 星,Books,￥384.49,￥384.49,￥0.00,6,0
Private Paris (Private #10),b12b89017878a60d,5 星,Books,￥406.16,￥406.16,￥0.00,7,0
Reasons to Stay Alive,c8f7f0cb1abb9cac,2 星,Books,￥225.30,￥225.30,￥0.00,7,0
Slow States of Collapse: Poems,b4fd5943413e089a,3 星,Books,￥488.91,￥488.91,￥0.00,7,0
The Natural History of Us (The Fine Art of Pretending #2),cedf82b5086e4691,3 星,Books,￥385.77,￥385.77,￥0.00,6,0
The Secret of Dreadwillow Carse,b5ea0b5dabed25a8,1 星,Books,￥478.84,￥478.84,￥0.00,6,0
"The Pioneer Woman Cooks: Dinnertime: Comfort Classics, Freezer Food, 16-Minute Meals, and Other Delicious Ways to Solve Supper!",142d767a56a9254d,1 星,Books,￥481.23,￥481.23,￥0.00,6,0
Thirst,709822d0b5bcb7f4,5 星,Books,￥147.33,￥147.33,￥0.00,6,0
This One Summer,51653ef291ab7ddc,4 星,Books,￥166.27,￥166.27,￥0.00,6,0
Throwing Rocks at the Google Bus: How Growth Became the Enemy of Prosperity,7858914fad68493c,3 星,Books,￥265.48,￥265.48,￥0.00,6,0
Tsubasa: WoRLD CHRoNiCLE 2 (Tsubasa WoRLD CHRoNiCLE #2),09555be379ad9253,1 星,Books,￥138.88,￥138.88,￥0.00,6,0
The Torch Is Passed: A Harding Family Story,4eed62cf5f8d8edf,1 星,Books,￥162.85,￥162.85,￥0.00,6,0
"Unbound: How Eight Technologies Made Us Human, Transformed Society, and Brought Our World to the Brink",9a9d6e9bc555731e,1 星,Books,￥217.71,￥217.71,￥0.00,6,0
"Unseen City: The Majesty of Pigeons, the Discreet Charm of Snails & Other Wonders of the Urban Wilderness",d170b5a0da46380e,4 星,Books,￥376.90,￥376.90,￥0.00,6,0
Untitled Collection: Sabbath Poems 2014,657fe5ead67a7767,4 星,Books,￥121.74,￥121.74,￥0.00,6,0
"We Love You, Charlie Freeman",8d455c7539795d2a,5 星,Books,￥428.85,￥428.85,￥0.00,6,0
Security,6f78a0d744c35456,2 星,Books,￥334.84,￥334.84,￥0.00,6,0
Soul Reader,e6af5bf1163c1151,2 星,Books,￥337.65,￥337.65,￥0.00,6,0
The Past Never Ends,5ee94540d0749ea0,4 星,Books,￥482.00,￥482.00,￥0.00,6,0
Spark Joy: An Illustrated Master Class on the Art of Organizing and Tidying Up,87b0615b6e1f4d7b,4 星,Books,￥356.85,￥356.85,￥0.00,6,0
"Rat Queens, Vol. 3: Demons (Rat Queens (Collected Editions) #11-15)",c82a3e358c773c73,3 星,Books,￥429.96,￥429.96,￥0.00,6,0
Reskilling America: Learning to Labor in the Twenty-First Century,d7310206583a54b6,2 星,Books,￥169.17,￥169.17,￥0.00,6,0
"Saga, Volume 5 (Saga (Collected Editions) #5)",53a3d11bb568cc8b,2 星,Books,￥435.42,￥435.42,￥0.00,6,0
"Saga, Volume 6 (Saga (Collected Editions) #6)",c849f0b2f5d6a742,3 星,Books,￥213.44,￥213.44,￥0.00,6,0
The Age of Genius: The Seventeenth Century and the Birth of the Modern Mind,a3d2a4250807f1e9,1 星,Books,￥168.31,￥168.31,￥0.00,6,0
The Art Forger,80cfab6bcff3a244,3 星,Books,￥347.72,￥347.72,￥0.00,6,0
"The Bulletproof Diet: Lose up to a Pound a Day, Reclaim Energy and Focus, Upgrade Your Life",43c6a960757cf559,3 星,Books,￥418.44,￥418.44,￥0.00,6,0
The Activist's Tao Te Ching: Ancient Advice for a Modern Revolution,7d6d2a6c0276f81b,5 星,Books,￥275.04,￥275.04,￥0.00,6,0
The Death of Humanity: and the Case for Life,bd261725b99f5983,4 星,Books,￥495.73,￥495.73,￥0.00,6,0
The Electric Pencil: Drawings from Inside State Hospital No. 3,a30b270e25489e5c,1 星,Books,￥478.24,￥478.24,￥0.00,6,0
The Life-Changing Magic of Tidying Up: The Japanese Art of Decluttering and Organizing,0da9aa9d24677fc0,3 星,Books,￥143.06,￥143.06,￥0.00,6,0
The Murder That Never Was (Forensic Instincts #5),d01ac97e2b8947c2,3 星,Books,￥461.61,￥461.61,￥0.00,6,0
"The Mindfulness and Acceptance Workbook for Anxiety: A Guide to Breaking Free from Anxiety, Phobias, and Worry Using Acceptance and Commitment Therapy",31075275518532d7,4 星,Books,￥203.80,￥203.80,￥0.00,6,0
"The Inefficiency Assassin: Time Management Tactics for Working Smarter, Not Longer",8c9e6bf2467d740d,5 星,Books,￥175.65,￥175.65,￥0.00,6,0
The Nameless City (The Nameless City #1),7d385d34d12e60ff,4 星,Books,￥325.54,￥325.54,￥0.00,6,0
The Most Perfect Thing: Inside (and Outside) a Bird's Egg,aadee1c326d286e3,4 星,Books,￥366.49,￥366.49,￥0.00,6,0
Unicorn Tracks,7ae099f3898e0209,3 星,Books,￥160.21,￥160.21,￥0.00,6,0
"Layered: Baking, Building, and Styling Spectacular Cakes",7b75cc7f223791f4,1 星,Books,￥342.17,￥342.17,￥0.00,6,0
In the Country We Love: My Family Divided,b136b1b180ca753a,4 星,Books,￥187.68,￥187.68,￥0.00,6,0
Join,18ad3ed896c7ce05,5 星,Books,￥304.30,￥304.30,￥0.00,6,0
Judo: Seven Steps to Black Belt (an Introductory Guide for Beginners),228f74b74f3a08ae,2 星,Books,￥459.82,￥459.82,￥0.00,6,0
Lumberjanes Vol. 3: A Terrible Plan (Lumberjanes #9-12),57e5a4d515c8ce44,2 星,Books,￥169.94,￥169.94,￥0.00,6,0
The Gutsy Girl: Escapades for Your Life of Epic Adventure,acd86a5426e21ca0,1 星,Books,￥316.75,￥316.75,￥0.00,6,0
"Lumberjanes, Vol. 2: Friendship to the Max (Lumberjanes #5-8)",460089f796fb3f82,2 星,Books,￥400.18,￥400.18,￥0.00,6,0
Masks and Shadows,fa9610a50a1bf149,2 星,Books,￥481.14,￥481.14,￥0.00,6,0
"Lumberjanes, Vol. 1: Beware the Kitten Holy (Lumberjanes #1-4)",b6ee99bcf06fc91f,3 星,Books,￥389.09,￥389.09,￥0.00,6,0
"Mama Tried: Traditional Italian Cooking for the Screwed, Crude, Vegan, and Tattooed",72f9d5be3472d34e,4 星,Books,￥119.60,￥119.60,￥0.00,6,0
My Paris Kitchen: Recipes and Stories,784bc2279baa878d,2 星,Books,￥284.68,￥284.68,￥0.00,6,0
Obsidian (Lux #1),3c346ab1e76ae1f6,2 星,Books,￥126.77,￥126.77,￥0.00,6,0
On a Midnight Clear,b757c0c361e689ce,3 星,Books,￥120.03,￥120.03,￥0.00,6,0
Online Marketing for Busy Authors: A Step-By-Step Guide,9ffa38d3b832433a,1 星,Books,￥395.41,￥395.41,￥0.00,6,0
orange: The Complete Collection 1 (orange: The Complete Collection #1),11809b1d323b3057,1 星,Books,￥412.98,￥412.98,￥0.00,6,0
"Political Suicide: Missteps, Peccadilloes, Bad Calls, Backroom Hijinx, Sordid Pasts, Rotten Breaks, and Just Plain Dumb Mistakes in the Annals of American Politics",7392c0032f92d816,2 星,Books,￥309.50,￥309.50,￥0.00,6,0
"Outcast, Vol. 1: A Darkness Surrounds Him (Outcast #1)",889139b8e9c4cb36,4 星,Books,￥131.72,￥131.72,￥0.00,6,0
Patience,9429b4d59c537af5,3 星,Books,￥86.67,￥86.67,￥0.00,6,0
"Pop Gun War, Volume 1: Gift",e80f8e518b300dfe,1 星,Books,￥161.83,￥161.83,￥0.00,6,0
Princess Between Worlds (Wide-Awake Princess #5),0e691eda369f4e09,5 星,Books,￥113.80,￥113.80,￥0.00,6,0
"Avatar: The Last Airbender: Smoke and Shadow, Part 3 (Smoke and Shadow #3)",6d5300b2d8f37e07,2 星,Books,￥239.63,￥239.63,￥0.00,6,0
Burning,5ceb951f629700a2,3 星,Books,￥245.78,￥245.78,￥0.00,6,0
"Bitch Planet, Vol. 1: Extraordinary Machine (Bitch Planet (Collected Editions))",bdf415fd484ea8a7,2 星,Books,￥323.49,￥323.49,￥0.00,6,0
Bossypants,74baabfc8fd84b38,2 星,Books,￥421.94,￥421.94,￥0.00,6,0
Camp Midnight,7b599c8bfcdd8d30,4 星,Books,￥145.71,￥145.71,￥0.00,6,0
"Princess Jellyfish 2-in-1 Omnibus, Vol. 01 (Princess Jellyfish 2-in-1 Omnibus #1)",0fa6dceead7ce47a,5 星,Books,￥116.11,￥116.11,￥0.00,6,0
Call the Nurse: True Stories of a Country Nurse on a Scottish Isle,bee3672891cca906,5 星,Books,￥248.59,￥248.59,￥0.00,6,0
"Codename Baboushka, Volume 1: The Conclave of Death",8754c83ab2a7ae71,4 星,Books,￥313.25,￥313.25,￥0.00,6,0
"Don't Be a Jerk: And Other Practical Advice from Dogen, Japan's Greatest Zen Master",fce19f9b4a943f22,2 星,Books,￥323.92,￥323.92,￥0.00,6,0
Everydata: The Misinformation Hidden in the Little Data You Consume Every Day,311c0dd0e354a33e,2 星,Books,￥463.65,￥463.65,￥0.00,6,0
Crown of Midnight (Throne of Glass #2),7267864328ae8b9d,3 星,Books,￥369.30,￥369.30,￥0.00,6,0
Danganronpa Volume 1,09b6cc87e62c2c58,4 星,Books,￥443.52,￥443.52,￥0.00,6,0
Fifty Shades Darker (Fifty Shades #2),7add3f8e49ec0826,1 星,Books,￥187.34,￥187.34,￥0.00,6,0
First and First (Five Boroughs #3),9e28048cea8d41f7,4 星,Books,￥136.24,￥136.24,￥0.00,6,0
Forever and Forever: The Courtship of Henry Longfellow and Fanny Appleton,9beb96a2300109d7,3 星,Books,￥253.28,￥253.28,￥0.00,6,0
"Giant Days, Vol. 2 (Giant Days #5-8)",f2df3bb043a8abb0,2 星,Books,￥188.62,￥188.62,￥0.00,6,0
I am a Hero Omnibus Volume 1,1c89ae5bb804e4de,3 星,Books,￥466.04,￥466.04,￥0.00,6,0
"I Hate Fairyland, Vol. 1: Madly Ever After (I Hate Fairyland (Compilations) #1-5)",8d4eefad7a2b3915,2 星,Books,￥248.85,￥248.85,￥0.00,6,0
Her Backup Boyfriend (The Sorensen Family #1),2a97cffe61c3c4c7,1 星,Books,￥289.79,￥289.79,￥0.00,6,0
How to Be Miserable: 40 Strategies You Already Use,a6f99b9e687f9d46,1 星,Books,￥392.68,￥392.68,￥0.00,6,0
Immunity: How Elie Metchnikoff Changed the Course of Modern Medicine,e4f74c16de34d440,5 星,Books,￥489.33,￥489.33,￥0.00,6,0
Throne of Glass (Throne of Glass #1),590a9cccf7db9f7d,3 星,Books,￥299.18,￥299.18,￥0.00,5,0
The Vacationers,fd3a622648667296,4 星,Books,￥359.58,￥359.58,￥0.00,5,0
The Wedding Dress,623e1a180426039b,1 星,Books,￥205.77,￥205.77,￥0.00,5,0
The Stranger,f5a92cff83897d48,4 星,Books,￥148.78,￥148.78,￥0.00,5,0
The Third Wave: An Entrepreneur’s Vision of the Future,3bebf34ee9330cbd,5 星,Books,￥107.57,￥107.57,￥0.00,5,0
The White Cat and the Monk: A Retelling of the Poem “Pangur Bán”,37c0cb19713d8dda,4 星,Books,￥495.47,￥495.47,￥0.00,5,0
Thirteen Reasons Why,bc2a85fd35fdc7bd,1 星,Books,￥449.75,￥449.75,￥0.00,5,0
You Are What You Love: The Spiritual Power of Habit,796c87ddbbaaf8c5,4 星,Books,￥186.57,￥186.57,￥0.00,5,0
Tuesday Nights in 1980,b8736690cf263a3c,2 星,Books,￥179.49,￥179.49,￥0.00,5,0
(Un)Qualified: How God Uses Broken People to Do Big Things,e4ac92d89b946781,5 星,Books,￥460.67,￥460.67,￥0.00,6,0
A Court of Thorns and Roses (A Court of Thorns and Roses #1),01d2001ac1e6f8a3,1 星,Books,￥446.76,￥446.76,￥0.00,6,0
"William Shakespeare's Star Wars: Verily, A New Hope (William Shakespeare's Star Wars #4)",9270575728a13a61,4 星,Books,￥369.39,￥369.39,￥0.00,5,0
Tracing Numbers on a Train,d7d6d50c1e3d0b81,3 星,Books,￥354.89,￥354.89,￥0.00,5,0
A Flight of Arrows (The Pathfinders #2),3a6fb983e2554023,5 星,Books,￥473.72,￥473.72,￥0.00,6,0
"A Piece of Sky, a Grain of Rice: A Memoir in Four Meditations",8a380641491d43ed,5 星,Books,￥484.21,￥484.21,￥0.00,6,0
A Murder in Time,f733e8c19d40ec2e,1 星,Books,￥141.95,￥141.95,￥0.00,6,0
Algorithms to Live By: The Computer Science of Human Decisions,38d45839cb1c83c1,1 星,Books,￥262.84,￥262.84,￥0.00,6,0
A World of Flavor: Your Gluten Free Passport,70ed59f194b3c556,1 星,Books,￥366.40,￥366.40,￥0.00,6,0
A Fierce and Subtle Poison,842790dfaa937484,4 星,Books,￥239.97,￥239.97,￥0.00,6,0
The Mistake (Off-Campus #2),99ff4cc6491e8f5c,3 星,Books,￥369.30,￥369.30,￥0.00,5,0
The Cookies & Cups Cookbook: 125+ sweet & savory recipes reminding you to Always Eat Dessert First,96a38e7c813d8f1d,1 星,Books,￥351.90,￥351.90,￥0.00,5,0
The Emerald Mystery,d6670dfe3e7b42bd,2 星,Books,￥197.49,￥197.49,￥0.00,5,0
The Murder of Roger Ackroyd (Hercule Poirot #4),c7b5183f4d1d4efe,4 星,Books,￥376.21,￥376.21,￥0.00,5,0
The Genius of Birds,42d0d7c92b75fc1c,1 星,Books,￥147.07,￥147.07,￥0.00,5,0
Thomas Jefferson and the Tripoli Pirates: The Forgotten War That Changed American History,de3f25248ba0789f,1 星,Books,￥508.78,￥508.78,￥0.00,5,0
The Glittering Court (The Glittering Court #1),2dbb7ec08cdd7f3c,1 星,Books,￥377.75,￥377.75,￥0.00,5,0
The Long Shadow of Small Ghosts: Murder and Memory in an American City,abeafe151a587d3b,1 星,Books,￥93.58,￥93.58,￥0.00,5,0
The House by the Lake,9287e238d7c3b06e,1 星,Books,￥315.22,￥315.22,￥0.00,5,0
The Kite Runner,eac1a180047ad54e,4 星,Books,￥356.76,￥356.76,￥0.00,5,0
The Love and Lemons Cookbook: An Apple-to-Zucchini Celebration of Impromptu Cooking,e28e330cbdf01126,2 星,Books,￥320.76,￥320.76,￥0.00,5,0
The Matchmaker's Playbook (Wingmen Inc. #1),08db62f24627e71f,1 星,Books,￥476.45,￥476.45,￥0.00,5,0
The Omnivore's Dilemma: A Natural History of Four Meals,209adad1015af86f,2 星,Books,￥325.97,￥325.97,￥0.00,5,0
The Power of Now: A Guide to Spiritual Enlightenment,8ec14b1576cb7cb5,2 星,Books,￥371.44,￥371.44,￥0.00,5,0
The Project,790ef197c8f236f5,1 星,Books,￥90.85,￥90.85,￥0.00,5,0
The Regional Office Is Under Attack!,0651062381f0636a,5 星,Books,￥438.15,￥438.15,￥0.00,5,0
The Secret (The Secret #1),961f18db4f138211,4 星,Books,￥233.49,￥233.49,￥0.00,5,0
The Psychopath Test: A Journey Through the Madness Industry,e98a4efa85070c2f,2 星,Books,￥307.11,￥307.11,￥0.00,5,0
The Shadow Hero (The Shadow Hero),d6361d16212664ed,1 星,Books,￥282.71,￥282.71,￥0.00,5,0
Mrs. Houdini,a40723994f715420,5 星,Books,￥258.06,￥258.06,￥0.00,5,0
Night Sky with Exit Wounds,cfeb1e1e0e695b58,1 星,Books,￥350.19,￥350.19,￥0.00,5,0
"Nightingale, Sing",50b8f80311b31ede,1 星,Books,￥326.56,￥326.56,￥0.00,5,0
Poems That Make Grown Women Cry,31001a1210623bd4,4 星,Books,￥121.05,￥121.05,￥0.00,5,0
The Nerdy Nummies Cookbook: Sweet Treats for the Geek in All of Us,e4c7f3487d17fd42,5 星,Books,￥318.54,￥318.54,￥0.00,5,0
The Girl on the Train,e956d67c9bcc5809,2 星,Books,￥469.37,￥469.37,￥0.00,5,0
Poses for Artists Volume 1 - Dynamic and Sitting Poses: An Essential Reference for Figure Drawing and the Human Form,d9c643fa1fc57bdb,1 星,Books,￥350.28,￥350.28,￥0.00,5,0
Redeeming Love,b53db2271c9624f7,5 星,Books,￥174.63,￥174.63,￥0.00,5,0
Romero and Juliet: A Tragic Tale of Love and Zombies,e656e280bc8edd56,1 星,Books,￥315.13,￥315.13,￥0.00,5,0
"Shobu Samurai, Project Aryoku (#3)",0c27e6c3744fc14b,3 星,Books,￥247.91,￥247.91,￥0.00,5,0
Scarlett Epstein Hates It Here,1c929cfd16b71907,5 星,Books,￥371.52,￥371.52,￥0.00,5,0
Secrets and Lace (Fatal Hearts #1),ad04ad9fc179fc5d,1 星,Books,￥172.92,￥172.92,￥0.00,5,0
Shoe Dog: A Memoir by the Creator of NIKE,0e0dcc3339602b28,2 星,Books,￥204.66,￥204.66,￥0.00,5,0
So You've Been Publicly Shamed,1b33663ad7b95fd8,2 星,Books,￥104.33,￥104.33,￥0.00,5,0
Something More Than This,ca71e72655bece85,4 星,Books,￥138.54,￥138.54,￥0.00,5,0
Soft Apocalypse,2a70769cdc6eb8b8,2 星,Books,￥222.83,￥222.83,￥0.00,5,0
Suddenly in Love (Lake Haven #1),203b7f94b7d6115f,2 星,Books,￥477.65,￥477.65,￥0.00,5,0
The Argonauts,c99761a700ade23f,2 星,Books,￥93.24,￥93.24,￥0.00,5,0
The Art of War,e7469e22b5bfb3e7,5 星,Books,￥284.42,￥284.42,￥0.00,5,0
The 10% Entrepreneur: Live Your Startup Dream Without Quitting Your Day Job,56e4f9eab2e8e674,3 星,Books,￥235.03,￥235.03,￥0.00,5,0
The Artist's Way: A Spiritual Path to Higher Creativity,dd047728de72ad62,5 星,Books,￥328.35,￥328.35,￥0.00,5,0
"Deliciously Ella Every Day: Quick and Easy Recipes for Gluten-Free Snacks, Packed Lunches, and Simple Meals",46c1530d7546ea6d,3 星,Books,￥359.66,￥359.66,￥0.00,5,0
Done Rubbed Out (Reightman & Bailey #1),f6d967cdadc6fbd9,5 星,Books,￥321.79,￥321.79,￥0.00,5,0
Doing It Over (Most Likely To #1),3a11bb962ff45b78,3 星,Books,￥303.79,￥303.79,￥0.00,5,0
"Fables, Vol. 1: Legends in Exile (Fables #1)",65d034adf80834b7,4 星,Books,￥355.06,￥355.06,￥0.00,5,0
Drive: The Surprising Truth About What Motivates Us,6ffb36aaeff1c81e,4 星,Books,￥298.15,￥298.15,￥0.00,5,0
Eureka Trivia 6.0,29c0025455f8c585,4 星,Books,￥465.70,￥465.70,￥0.00,5,0
First Steps for New Christians (Print Edition),2f88b08bf0a0e367,1 星,Books,￥247.40,￥247.40,￥0.00,5,0
Follow You Home,8585760646e3aa2a,1 星,Books,￥182.22,￥182.22,￥0.00,5,0
Finders Keepers (Bill Hodges Trilogy #2),edb3097e71330040,5 星,Books,￥456.66,￥456.66,￥0.00,5,0
Full Moon over Noah’s Ark: An Odyssey to Mount Ararat and Beyond,ce60436f52c5ee68,4 星,Books,￥421.68,￥421.68,￥0.00,5,0
Grumbles,d163dd6c352fbcd2,2 星,Books,￥189.04,￥189.04,￥0.00,5,0
Hollow City (Miss Peregrine’s Peculiar Children #2),4ce91d31c1e57c33,1 星,Books,￥366.66,￥366.66,￥0.00,5,0
I Had a Nice Time And Other Lies...: How to find love & sh*t like that,fd8585283fc7d2d7,4 星,Books,￥489.33,￥489.33,￥0.00,5,0
Frostbite (Vampire Academy #2),116a2fdc9a45bab0,5 星,Books,￥255.84,￥255.84,￥0.00,5,0
Large Print Heart of the Pride,c1afd71fc86bf682,2 星,Books,￥163.37,￥163.37,￥0.00,5,0
Library of Souls (Miss Peregrine’s Peculiar Children #3),ba54932df84e8cea,5 星,Books,￥414.26,￥414.26,￥0.00,5,0
Louisa: The Extraordinary Life of Mrs. Adams,d69dd8dac66f9f84,2 星,Books,￥143.75,￥143.75,￥0.00,5,0
Miss Peregrine’s Home for Peculiar Children (Miss Peregrine’s Peculiar Children #1),af96613fdd793a3c,1 星,Books,￥91.79,￥91.79,￥0.00,5,0
The Bridge to Consciousness: I'm Writing the Bridge Between Science and Our Old and New Beliefs.,efc3768127714ec3,3 星,Books,￥272.99,￥272.99,￥0.00,5,0
Little Red,4aa03792b50f0b22,3 星,Books,￥114.91,￥114.91,￥0.00,5,0
Amy Meets the Saints and Sages,7ebfa6c1bee69e1e,3 星,Books,￥157.48,￥157.48,￥0.00,5,0
Modern Romance,caf4fe9311f1dc59,5 星,Books,￥241.08,￥241.08,￥0.00,5,0
Wild Swans,3fb15ace50d6142b,2 星,Books,￥122.50,￥122.50,￥0.00,4,0
"Wonder Woman: Earth One, Volume One (Wonder Woman: Earth One #1)",047097293bb4d1c0,4 星,Books,￥318.54,￥318.54,￥0.00,4,0
Why the Right Went Wrong: Conservatism--From Goldwater to the Tea Party and Beyond,2b5054a4192e9b06,4 星,Books,￥449.15,￥449.15,￥0.00,4,0
You (You #1),024387ca4cafd5cc,5 星,Books,￥372.03,￥372.03,￥0.00,4,0
Zealot: The Life and Times of Jesus of Nazareth,dd5bfa6cc2c0ecc3,3 星,Books,￥210.71,￥210.71,￥0.00,4,0
Amatus,ffd54178acc9a6a5,5 星,Books,￥431.15,￥431.15,￥0.00,5,0
Amid the Chaos,bb8245f52c7cce8f,1 星,Books,￥312.06,￥312.06,￥0.00,5,0
Batman: The Dark Knight Returns (Batman),47271d8e08b5d31c,5 星,Books,￥131.21,￥131.21,￥0.00,5,0
Anonymous,d24b829be2ca81c4,4 星,Books,￥399.42,￥399.42,￥0.00,5,0
Batman: The Long Halloween (Batman),7edc0527cf782e19,2 星,Books,￥311.38,￥311.38,￥0.00,5,0
Ayumi's Violin,05f7c6d9a4e582d3,2 星,Books,￥132.06,￥132.06,￥0.00,5,0
Beauty Restored (Riley Family Legacy Novellas #3),3f69e667a67e54d9,2 星,Books,￥94.78,￥94.78,￥0.00,5,0
Agnostic: A Spirited Manifesto,d195e7f4ed697350,5 星,Books,￥106.72,￥106.72,￥0.00,5,0
Becoming Wise: An Inquiry into the Mystery and Art of Living,919e7cb2269a25d2,2 星,Books,￥234.00,￥234.00,￥0.00,5,0
Big Magic: Creative Living Beyond Fear,1f329c2e7d7de8bd,3 星,Books,￥262.75,￥262.75,￥0.00,5,0
Chasing Heaven: What Dying Taught Me About Living,513271dadc1322ae,2 星,Books,￥322.47,￥322.47,￥0.00,5,0
"Daring Greatly: How the Courage to Be Vulnerable Transforms the Way We Live, Love, Parent, and Lead",3b9a3b4624b7fd6d,3 星,Books,￥165.76,￥165.76,￥0.00,5,0
Close to You,a57b1dcbd6849222,4 星,Books,￥421.94,￥421.94,￥0.00,5,0
Dark Notes,88c21fcd38e2486e,5 星,Books,￥163.71,￥163.71,￥0.00,5,0
Until Friday Night (The Field Party #1),aba2db9afb1469c7,2 星,Books,￥395.07,￥395.07,￥0.00,4,0
V for Vendetta (V for Vendetta Complete),4a1debca3135ff37,4 星,Books,￥316.50,￥316.50,￥0.00,4,0
The Rosie Project (Don Tillman #1),012094e90a4b908d,1 星,Books,￥461.01,￥461.01,￥0.00,4,0
The Song of Achilles,e88fb1c9397cfb27,5 星,Books,￥319.06,￥319.06,￥0.00,4,0
The Songs of the Gods,00c4543ec6bd25b4,5 星,Books,￥379.45,￥379.45,￥0.00,4,0
The Star-Touched Queen,1528279aec1f3dce,5 星,Books,￥392.59,￥392.59,￥0.00,4,0
The Testament of Mary,081305e6df719dff,4 星,Books,￥449.32,￥449.32,￥0.00,4,0
The Wright Brothers,08b2f71d93836313,4 星,Books,￥484.56,￥484.56,￥0.00,4,0
Through the Woods,6e44bcbeac7f4360,2 星,Books,￥216.51,￥216.51,￥0.00,4,0
The Year of Magical Thinking,34c0d7c4ee5650af,2 星,Books,￥367.17,￥367.17,￥0.00,4,0
The Time Keeper,e9906e2f0d189745,5 星,Books,￥237.84,￥237.84,￥0.00,4,0
This Is Where It Ends,f0f38174a7e689a3,2 星,Books,￥231.36,￥231.36,￥0.00,4,0
Twenty Yawns,1d6443ffba9dfd80,2 星,Books,￥188.36,￥188.36,￥0.00,4,0
"Unbroken: A World War II Story of Survival, Resilience, and Redemption",76c84daa539426e2,2 星,Books,￥391.99,￥391.99,￥0.00,4,0
"We Are Robin, Vol. 1: The Vigilante Business (We Are Robin #1)",92275cedf6d8ee15,1 星,Books,￥459.82,￥459.82,￥0.00,4,0
Walt Disney's Alice in Wonderland,6a31307a81e8f3a8,5 星,Books,￥110.56,￥110.56,￥0.00,4,0
What's It Like in Space?: Stories from Astronauts Who've Been There,6fd646a334e6e133,2 星,Books,￥167.21,￥167.21,￥0.00,4,0
Whole Lotta Creativity Going On: 60 Fun and Unusual Exercises to Awaken and Strengthen Your Creativity,44a10f1ac8ce822e,4 星,Books,￥325.88,￥325.88,￥0.00,4,0
The 14th Colony (Cotton Malone #11),1b8187fa4bf6ab05,1 星,Books,￥334.75,￥334.75,￥0.00,4,0
The White Queen (The Cousins' War #1),6875c5657661b2fb,5 星,Books,￥221.04,￥221.04,￥0.00,4,0
The Bad-Ass Librarians of Timbuktu: And Their Race to Save the World’s Most Precious Manuscripts,923831a05c9f91f7,1 星,Books,￥134.53,￥134.53,￥0.00,4,0
That Darkness (Gardiner and Renner #1),0c7b9cf2b7662b65,1 星,Books,￥118.75,￥118.75,￥0.00,4,0
The Bane Chronicles (The Bane Chronicles #1-11),dc6f688b82e42a5b,4 星,Books,￥381.59,￥381.59,￥0.00,4,0
Take Me with You,2c04320e110a14a3,3 星,Books,￥385.68,￥385.68,￥0.00,4,0
Tastes Like Fear (DI Marnie Rome #3),2d1e337aaf341858,1 星,Books,￥91.20,￥91.20,￥0.00,4,0
The Dovekeepers,3d76bc83c6b644c9,1 星,Books,￥416.14,￥416.14,￥0.00,4,0
The First Hostage (J.B. Collins #2),a86972014275e072,3 星,Books,￥220.52,￥220.52,￥0.00,4,0
The Hidden Oracle (The Trials of Apollo #1),992974ba6a0536ea,2 星,Books,￥445.82,￥445.82,￥0.00,4,0
The Immortal Life of Henrietta Lacks,f72f61ad6a5f12ed,2 星,Books,￥346.95,￥346.95,￥0.00,4,0
The Help Yourself Cookbook for Kids: 60 Easy Plant-Based Recipes Kids Can Make to Stay Healthy and Save the Earth,ddc8340dabc8641b,3 星,Books,￥245.43,￥245.43,￥0.00,4,0
The Guilty (Will Robie #4),847935fc68707426,2 星,Books,￥117.90,￥117.90,￥0.00,4,0
The Last Mile (Amos Decker #2),3bc89353f7e3a3cc,2 星,Books,￥462.46,￥462.46,￥0.00,4,0
The Literature Book (Big Ideas Simply Explained),4881cc53f6c8892f,3 星,Books,￥148.69,￥148.69,￥0.00,4,0
The Long Haul (Diary of a Wimpy Kid #9),f21effc079a2b38a,1 星,Books,￥375.96,￥375.96,￥0.00,4,0
The Loney,2d88a31f325dfd3b,1 星,Books,￥199.62,￥199.62,￥0.00,4,0
The Lucifer Effect: Understanding How Good People Turn Evil,4e812d32d64e2431,1 星,Books,￥88.72,￥88.72,￥0.00,4,0
The Marriage of Opposites,52cf2a5933ec5d8f,4 星,Books,￥239.55,￥239.55,￥0.00,4,0
The Wedding Pact (The O'Malleys #2),c5cb9f885d8b3621,3 星,Books,￥278.19,￥278.19,￥0.00,4,0
The Power of Habit: Why We Do What We Do in Life and Business,6bdd909329435e80,3 星,Books,￥144.00,￥144.00,￥0.00,4,0
"Overload: How to Unplug, Unwind, and Unleash Yourself from the Pressure of Stress",8ecf0356a3878811,3 星,Books,￥444.89,￥444.89,￥0.00,4,0
Old School (Diary of a Wimpy Kid #10),02b74068fa98d8a4,5 星,Books,￥100.92,￥100.92,￥0.00,4,0
No Dream Is Too High: Life Lessons From a Man Who Walked on the Moon,132ec5e8c984adef,2 星,Books,￥187.25,￥187.25,￥0.00,4,0
"Naruto (3-in-1 Edition), Vol. 14: Includes Vols. 40, 41 & 42 (Naruto: Omnibus #14)",71e36f33981ddb74,2 星,Books,￥327.50,￥327.50,￥0.00,4,0
The Darkest Lie,6edacfd1f8ebb9eb,5 星,Books,￥301.57,￥301.57,￥0.00,4,0
Pet Sematary,af58a74e4b2a23a0,3 星,Books,￥90.09,￥90.09,￥0.00,4,0
"Red Hood/Arsenal, Vol. 1: Open for Business (Red Hood/Arsenal #1)",31e2e2d9cca3778f,2 星,Books,￥217.37,￥217.37,￥0.00,4,0
"Quarter Life Poetry: Poems for the Young, Broke and Hangry",aa35446aab16017f,5 星,Books,￥434.14,￥434.14,￥0.00,4,0
Once Was a Time,e34efcc824685332,2 星,Books,￥155.94,￥155.94,￥0.00,4,0
Rain Fish,a6454e329f872b78,3 星,Books,￥201.07,￥201.07,￥0.00,4,0
Robin War,85b2176b3b194030,3 星,Books,￥407.95,￥407.95,￥0.00,4,0
salt.,86cbddb61ea78bb7,4 星,Books,￥399.08,￥399.08,￥0.00,4,0
Shtum,830fb3967c74866d,4 星,Books,￥476.37,￥476.37,￥0.00,4,0
"So Cute It Hurts!!, Vol. 6 (So Cute It Hurts!! #6)",394f6d30cafc3edb,4 星,Books,￥302.25,￥302.25,￥0.00,4,0
Someone Like You (The Harrisons #2),a278db6b2b09cf9f,5 星,Books,￥450.35,￥450.35,￥0.00,4,0
Steve Jobs,95019eac1c0a052f,5 星,Books,￥336.97,￥336.97,￥0.00,4,0
Still Life with Bread Crumbs,fe44cc816576c652,3 星,Books,￥225.30,￥225.30,￥0.00,4,0
Superman Vol. 1: Before Truth (Superman by Gene Luen Yang #1),ac8e3949d284e9a9,5 星,Books,￥101.43,￥101.43,￥0.00,4,0
Sorting the Beef from the Bull: The Science of Food Fraud Forensics,3edcccc4f341fb1a,4 星,Books,￥381.67,￥381.67,￥0.00,4,0
Swell: A Year of Waves,4c8b7540409da4ac,1 星,Books,￥388.84,￥388.84,￥0.00,4,0
"Hush, Hush (Hush, Hush #1)",6b6cd77fbc91b7a6,3 星,Books,￥401.12,￥401.12,￥0.00,4,0
"Hyperbole and a Half: Unfortunate Situations, Flawed Coping Mechanisms, Mayhem, and Other Things That Happened",fbb21a2f71f4d981,5 星,Books,￥125.83,￥125.83,￥0.00,4,0
I Am Pilgrim (Pilgrim #1),aeff7b87a8e83ebb,4 星,Books,￥90.43,￥90.43,￥0.00,4,0
I Know What I'm Doing -- and Other Lies I Tell Myself: Dispatches from a Life Under Construction,b8a8ff84233f0570,4 星,Books,￥221.63,￥221.63,￥0.00,4,0
Island of Dragons (Unwanteds #7),2b52334fab158861,1 星,Books,￥252.94,￥252.94,￥0.00,4,0
"It's All Easy: Healthy, Delicious Weeknight Meals in under 30 Minutes",245e6bf08b8d2955,1 星,Books,￥166.78,￥166.78,￥0.00,4,0
"Living Leadership by Insight: A Good Leader Achieves, a Great Leader Builds Monuments",17fb5a88180f9904,4 星,Books,￥400.18,￥400.18,￥0.00,4,0
Lady Midnight (The Dark Artifices #1),708345c9897fd7c5,5 星,Books,￥138.88,￥138.88,￥0.00,4,0
Let It Out: A Journey Through Journaling,1174156c4a0eccaa,5 星,Books,￥228.54,￥228.54,￥0.00,4,0
Looking for Lovely: Collecting the Moments that Matter,24af96df0bafb925,5 星,Books,￥248.59,￥248.59,￥0.00,4,0
Love Is a Mix Tape (Music #1),adb5f51c2e2ab13f,1 星,Books,￥153.81,￥153.81,￥0.00,4,0
See America: A Celebration of Our National Parks & Treasured Sites,f9705c362f070608,3 星,Books,￥416.91,￥416.91,￥0.00,4,0
Lowriders to the Center of the Earth (Lowriders in Space #2),a10c7515834240f3,2 星,Books,￥439.43,￥439.43,￥0.00,4,0
Luckiest Girl Alive,d512871626a5e588,3 星,Books,￥425.09,￥425.09,￥0.00,4,0
Made to Stick: Why Some Ideas Survive and Others Die,b96fc7a0ea7d4b45,5 星,Books,￥331.43,￥331.43,￥0.00,4,0
More Than Music (Chasing the Dream #1),47d47155e89c8be7,2 星,Books,￥320.85,￥320.85,￥0.00,4,0
Luis Paints the World,5b43cae640f2338a,3 星,Books,￥460.24,￥460.24,￥0.00,4,0
Mr. Mercedes (Bill Hodges Trilogy #1),caa2e5b3fb1b2d4c,1 星,Books,￥246.54,￥246.54,￥0.00,4,0
My Kind of Crazy,137b0b2775701e11,1 星,Books,￥344.31,￥344.31,￥0.00,4,0
My Name Is Lucy Barton,727bf2b86b19ad88,1 星,Books,￥354.54,￥354.54,￥0.00,4,0
Daily Fantasy Sports,0e94a089328be4bc,1 星,Books,￥312.06,￥312.06,￥0.00,4,0
Cometh the Hour (The Clifton Chronicles #6),28cf0d1c51b491e5,3 星,Books,￥213.36,￥213.36,￥0.00,4,0
Crazy Love: Overwhelmed by a Relentless God,4b9d9cfe0f435788,2 星,Books,￥407.09,￥407.09,￥0.00,4,0
Demigods & Magicians: Percy and Annabeth Meet the Kanes (Percy Jackson & Kane Chronicles Crossover #1-3),3c6fe637a0180b01,5 星,Books,￥319.99,￥319.99,￥0.00,4,0
Dear Mr. Knightley,94a958ea126cdcd5,5 星,Books,￥95.63,￥95.63,￥0.00,4,0
My Mrs. Brown,cc82685d9f49bc2c,3 星,Books,￥208.84,￥208.84,￥0.00,4,0
Don't Get Caught,ad2887ce04583910,1 星,Books,￥472.19,￥472.19,￥0.00,4,0
"Eat Fat, Get Thin",047dfa57ba0bf638,2 星,Books,￥461.27,￥461.27,￥0.00,4,0
"Eaternity: More than 150 Deliciously Easy Vegan Recipes for a Long, Healthy, Satisfied, Joyful Life",a01f6d368ef64dc5,5 星,Books,￥441.47,￥441.47,￥0.00,4,0
El Deafo,27c5968fe43cc06e,5 星,Books,￥491.55,￥491.55,￥0.00,4,0
Eight Hundred Grapes,1d6dd0c87d90fe92,4 星,Books,￥122.76,￥122.76,￥0.00,4,0
Eligible (The Austen Project #4),9eaf58b03a2779cc,3 星,Books,￥231.10,￥231.10,￥0.00,4,0
Doctor Sleep (The Shining #2),bf5de316a5e9a4ab,2 星,Books,￥342.26,￥342.26,￥0.00,4,0
"Far & Away: Places on the Brink of Change: Seven Continents, Twenty-Five Years",ac4dde0d1be05de0,4 星,Books,￥128.48,￥128.48,￥0.00,4,0
Feathers: Displays of Brilliant Plumage,9194ae88379dbf1a,3 星,Books,￥418.44,￥418.44,￥0.00,4,0
Glory over Everything: Beyond The Kitchen House,de4b403cb629a29f,3 星,Books,￥391.06,￥391.06,￥0.00,4,0
Greek Mythic History,f201f263d8c23f97,5 星,Books,￥87.27,￥87.27,￥0.00,4,0
Hamilton: The Revolution,afa829857f82f99e,3 星,Books,￥501.53,￥501.53,￥0.00,4,0
God: The Most Unpleasant Character in All Fiction,eec424a84c9e4c68,5 星,Books,￥256.18,￥256.18,￥0.00,4,0
Hold Your Breath (Search and Rescue #1),0b165bd4b9f42fd5,1 星,Books,￥245.86,￥245.86,￥0.00,4,0
Angels Walking (Angels Walking #1),1fbb5f786e53a0ce,2 星,Books,￥291.76,￥291.76,￥0.00,4,0
Aristotle and Dante Discover the Secrets of the Universe (Aristotle and Dante Discover the Secrets of the Universe #1),41164b8ac02a2c42,4 星,Books,￥495.99,￥495.99,￥0.00,4,0
Angels & Demons (Robert Langdon #1),ad41c24ccac0c7ce,3 星,Books,￥439.17,￥439.17,￥0.00,4,0
Art Ops Vol. 1,ffdc825785c0ede8,3 星,Books,￥416.31,￥416.31,￥0.00,4,0
Balloon Animals,9b65f676984c9f0c,3 星,Books,￥145.28,￥145.28,￥0.00,4,0
Every Last Word,a2bd4ca82d908442,3 星,Books,￥396.43,￥396.43,￥0.00,4,0
Barefoot Contessa at Home: Everyday Recipes You'll Make Over and Over Again,0e0da9192a025efc,5 星,Books,￥431.83,￥431.83,￥0.00,4,0
Barefoot Contessa Back to Basics,999912e63a3262ae,1 星,Books,￥238.95,￥238.95,￥0.00,4,0
Batman: Europa,bf68dcb5fad3cc8c,2 星,Books,￥273.07,￥273.07,￥0.00,4,0
Brain on Fire: My Month of Madness,a80f66b254fe9eb3,5 星,Books,￥420.74,￥420.74,￥0.00,4,0
Buying In: The Secret Dialogue Between What We Buy and Who We Are,16ef91b9d827859c,4 星,Books,￥322.47,￥322.47,￥0.00,4,0
Carrie,5f22418922fa728b,2 星,Books,￥394.38,￥394.38,￥0.00,4,0
"Carry On, Warrior: Thoughts on Life Unarmed",1b0fc9f777cad045,3 星,Books,￥271.71,￥271.71,￥0.00,4,0
City of Ashes (The Mortal Instruments #2),8a6ec2761f91dad2,1 星,Books,￥403.26,￥403.26,￥0.00,4,0
City of Bones (The Mortal Instruments #1),5b987e54ee72525c,1 星,Books,￥369.22,￥369.22,￥0.00,4,0
City of Fallen Angels (The Mortal Instruments #4),1e264c677d4ee4ae,4 星,Books,￥95.80,￥95.80,￥0.00,4,0
City of Glass (The Mortal Instruments #3),966ebb738e0f9d9b,4 星,Books,￥477.90,￥477.90,￥0.00,4,0
Clockwork Angel (The Infernal Devices #1),42b0c50fc44140ec,1 星,Books,￥376.55,￥376.55,￥0.00,4,0
Code Name Verity (Code Name Verity #1),33a3e0e3ffde0dcd,4 星,Books,￥188.79,￥188.79,￥0.00,4,0
Cell,bfbb54bc8cdeed2b,4 星,Books,￥173.09,￥173.09,￥0.00,4,0
Catching Jordan (Hundred Oaks),e2e7b683b4c15b7d,3 星,Books,￥433.63,￥433.63,￥0.00,4,0
1491: New Revelations of the Americas Before Columbus,6e8e5626ac4d279e,3 星,Books,￥185.97,￥185.97,￥0.00,4,0
The Silent Sister (Riley MacPherson #1),ce1ae197ada2aec4,5 星,Books,￥394.90,￥394.90,￥0.00,2,0
Tipping Point for Planet Earth: How Close Are We to the Edge?,148715df5a02ea5e,1 星,Books,￥320.34,￥320.34,￥0.00,2,0
Will You Won't You Want Me?,077b635ff2afc578,3 星,Books,￥118.24,￥118.24,￥0.00,2,0
13 Hours: The Inside Account of What Really Happened In Benghazi,4be9d1910f8a4e80,1 星,Books,￥230.85,￥230.85,￥0.00,3,0
Rook,44d97b6707dae3f0,4 星,Books,￥322.98,￥322.98,￥0.00,3,0
Searching for Meaning in Gailana,2f0213137a80d485,1 星,Books,￥330.40,￥330.40,￥0.00,3,0
"The Three Searches, Meaning, and the Story",ac5e0d3938caf686,3 星,Books,￥113.72,￥113.72,￥0.00,3,0
A Brush of Wings (Angels Walking #3),01a177623cce9596,1 星,Books,￥473.55,￥473.55,￥0.00,4,0
A Distant Mirror: The Calamitous 14th Century,d5e0526e1ab682a3,3 星,Books,￥124.38,￥124.38,￥0.00,4,0
My Kitchen Year: 136 Recipes That Saved My Life,8bbd7df8a324f31d,2 星,Books,￥98.36,￥98.36,￥0.00,3,0
A Man Called Ove,8682c03de6a844ff,1 星,Books,￥338.85,￥338.85,￥0.00,4,0
A People's History of the United States,1ad06aed9349af46,2 星,Books,￥347.98,￥347.98,￥0.00,4,0
"A Series of Catastrophes and Miracles: A True Story of Love, Science, and Cancer",c1379d3744f1dd2c,2 星,Books,￥481.83,￥481.83,￥0.00,4,0
A Study in Scarlet (Sherlock Holmes #1),63ee5bc46066a8a8,2 星,Books,￥142.72,￥142.72,￥0.00,4,0
A Time of Torment (Charlie Parker #14),4416c474713ec1f5,5 星,Books,￥412.47,￥412.47,￥0.00,4,0
Abstract City,cf1aa2fc02a7d1e0,5 星,Books,￥480.89,￥480.89,￥0.00,4,0
"Adulthood Is a Myth: A ""Sarah's Scribbles"" Collection",5319169a72714c62,2 星,Books,￥92.99,￥92.99,￥0.00,4,0
Murder at the 42nd Street Library (Raymond Ambler #1),e7fe3bf2768602cf,4 星,Books,￥463.74,￥463.74,￥0.00,2,0
All the Light We Cannot See,39861fc1c0845d15,5 星,Books,￥254.82,￥254.82,￥0.00,4,0
No Love Allowed (Dodge Cove #1),db84624b151cbe06,4 星,Books,￥466.21,￥466.21,￥0.00,2,0
How to Speak Golf: An Illustrated Guide to Links Lingo,b978c9852cde91bd,5 星,Books,￥497.52,￥497.52,￥0.00,2,0
Most Wanted,c039f5aceb093537,3 星,Books,￥300.97,￥300.97,￥0.00,2,0
"Love, Lies and Spies",9546d537fbf99eb6,2 星,Books,￥175.31,￥175.31,￥0.00,2,0
One with You (Crossfire #5),81ef44fcc5f454df,4 星,Books,￥134.02,￥134.02,￥0.00,2,0
Poisonous (Max Revere Novels #3),abdd91e96515a617,3 星,Books,￥228.63,￥228.63,￥0.00,2,0
Psycho: Sanitarium (Psycho #1.5),b8d7b3f5c7a95d65,5 星,Books,￥315.39,￥315.39,￥0.00,2,0
Stars Above (The Lunar Chronicles #4.5),b63ea3f7a57ae099,2 星,Books,￥409.91,￥409.91,￥0.00,2,0
Raspberry Pi Electronics Projects for the Evil Genius,ebf81a62e4798fd1,4 星,Books,￥423.73,￥423.73,￥0.00,2,0
Snatched: How A Drug Queen Went Undercover for the DEA and Was Kidnapped By Colombian Guerillas,f40fea200e0c644f,3 星,Books,￥180.94,￥180.94,￥0.00,2,0
The Dinner Party,c6ca293d4810e0d5,2 星,Books,￥482.34,￥482.34,￥0.00,2,0
The Diary of a Young Girl,54fc03f1e1d355db,3 星,Books,￥511.00,￥511.00,￥0.00,2,0
The Children,64fd010bf8d15096,3 星,Books,￥101.35,￥101.35,￥0.00,2,0
Quench Your Own Thirst: Business Lessons Learned Over a Beer or Two,8976d9161c027142,1 星,Books,￥368.02,￥368.02,￥0.00,2,0
The Epidemic (The Program 0.6),f732d7d18a91d2ba,5 星,Books,￥123.19,￥123.19,￥0.00,2,0
The Gray Rhino: How to Recognize and Act on the Obvious Dangers We Ignore,3063c7e95d0bf76f,4 星,Books,￥504.60,￥504.60,￥0.00,2,0
The Golden Condom: And Other Essays on Love Lost and Found,235fa48eeed11d82,1 星,Books,￥336.37,￥336.37,￥0.00,2,0
The Lonely City: Adventures in the Art of Being Alone,582a21a1dbbef3cf,2 星,Books,￥283.74,￥283.74,￥0.00,2,0
Boar Island (Anna Pigeon #19),49b24c6a41b82bd2,3 星,Books,￥507.42,￥507.42,￥0.00,2,0
The Midnight Watch: A Novel of the Titanic and the Californian,14e44163678e24dc,1 星,Books,￥223.51,￥223.51,￥0.00,2,0
Can You Keep a Secret? (Fear Street Relaunch #4),d069086944f2e330,1 星,Books,￥414.94,￥414.94,￥0.00,2,0
Playing with Fire,05a61a3bd8ca4149,3 星,Books,￥116.96,￥116.96,￥0.00,1,0
"Setting the World on Fire: The Brief, Astonishing Life of St. Catherine of Siena",b06599b108e83f98,2 星,Books,￥180.43,￥180.43,￥0.00,1,0
Sleeping Giants (Themis Files #1),f435aa99d864077d,1 星,Books,￥415.80,￥415.80,￥0.00,1,0
Take Me Home Tonight (Rock Star Romance #3),cf62fa272b5f0fa3,3 星,Books,￥460.50,￥460.50,￥0.00,1,0
Off the Hook (Fishing for Trouble #1),b783ce08802cd1d1,3 星,Books,￥406.67,￥406.67,￥0.00,1,0
The Art of Startup Fundraising,1c584f82a7a1c4f0,3 星,Books,￥179.15,￥179.15,￥0.00,1,0
"The Sleep Revolution: Transforming Your Life, One Night at a Time",985991708c47003e,4 星,Books,￥99.64,￥99.64,￥0.00,1,0
The Improbability of Love,437d8dea9272d0a9,1 星,Books,￥507.16,￥507.16,￥0.00,1,0
The Widow,6159d8b187831770,2 星,Books,￥232.55,￥232.55,￥0.00,1,0
Dirty (Dive Bar #1),df7e628bad5782b4,4 星,Books,￥348.32,￥348.32,￥0.00,2,0
Troublemaker: Surviving Hollywood and Scientology,515cb8fcafb1ad98,2 星,Books,￥412.81,￥412.81,￥0.00,1,0
"A la Mode: 120 Recipes in 60 Pairings: Pies, Tarts, Cakes, Crisps, and More Topped with Ice Cream, Gelato, Frozen Custard, and More",a4eef523118805ef,1 星,Books,￥330.74,￥330.74,￥0.00,2,0
Eleanor & Park,6983328f15506cb9,5 星,Books,￥482.08,￥482.08,￥0.00,2,0
A Paris Apartment,63343e287971bb0c,4 星,Books,￥332.79,￥332.79,￥0.00,2,0
Everyday Italian: 125 Simple and Delicious Recipes,76319fe9d8b465a3,5 星,Books,￥171.47,￥171.47,￥0.00,2,0
Equal Is Unfair: America's Misguided Fight Against Income Inequality,3968e3fbf4695d7c,1 星,Books,￥485.07,￥485.07,￥0.00,2,0
Furiously Happy: A Funny Book About Horrible Things,c6a29d6df8de968c,4 星,Books,￥353.69,￥353.69,￥0.00,2,0
Daredevils,f608c903c451f387,3 星,Books,￥139.39,￥139.39,￥0.00,1,0
Hide Away (Eve Duncan #20),bddc6fd036eb6279,1 星,Books,￥101.01,￥101.01,￥0.00,2,0
"Exit, Pursued by a Bear",c65c25d990fc7025,4 星,Books,￥437.98,￥437.98,￥0.00,1,0
10-Day Green Smoothie Cleanse: Lose Up to 15 Pounds in 10 Days!,96aa539bfd4c07e2,5 星,Books,￥424.07,￥424.07,￥0.00,0,0
"10% Happier: How I Tamed the Voice in My Head, Reduced Stress Without Losing My Edge, and Found Self-Help That Actually Works",34669b2e9d407d3a,2 星,Books,￥209.60,￥209.60,￥0.00,0,0
11/22/63,a9d7b75461084a26,3 星,Books,￥413.58,￥413.58,￥0.00,1,0
A Gentleman's Position (Society of Gentlemen #3),40c4bf520c17de54,5 星,Books,￥125.83,￥125.83,￥0.00,1,0
A Mother's Reckoning: Living in the Aftermath of Tragedy,2b69dec0193511d9,3 星,Books,￥166.61,￥166.61,￥0.00,1,0
Adultery,bb967277222e689c,5 星,Books,￥178.13,￥178.13,￥0.00,1,0
Born for This: How to Find the Work You Were Meant to Do,816180220e8cb419,5 星,Books,￥184.18,￥184.18,￥0.00,1,0
Cravings: Recipes for What You Want to Eat,2587c54f5530dafc,3 星,Books,￥174.88,￥174.88,￥0.00,1,0
Arena,2c34f9432069b52b,4 星,Books,￥182.22,￥182.22,￥0.00,1,0
Grey (Fifty Shades #4),b5953ca1f8a0b8d7,4 星,Books,￥413.66,￥413.66,￥0.00,1,0
It Didn't Start with You: How Inherited Family Trauma Shapes Who We Are and How to End the Cycle,ce8666d9b42fc9a0,3 星,Books,￥480.03,￥480.03,￥0.00,1,0
Keep Me Posted,20dc4f1ac5d4fd9c,4 星,Books,￥174.54,￥174.54,￥0.00,1,0
Lies and Other Acts of Love,469508882dfc1991,1 星,Books,￥385.08,￥385.08,￥0.00,1,0
Lilac Girls,bade9943ee01b63f,2 星,Books,￥147.41,￥147.41,￥0.00,1,0
M Train,5569c3fea112718e,1 星,Books,￥231.87,￥231.87,￥0.00,1,0
"Mother, Can You Not?",28b2df9fadc9f07e,5 星,Books,￥144.09,￥144.09,￥0.00,1,0
Mothering Sunday,47e1b2d43f709995,2 星,Books,￥113.80,￥113.80,￥0.00,1,0
Lab Girl,825d6c44da3ca5a6,1 星,Books,￥348.49,￥348.49,￥0.00,1,0
The Alien Club,e77594ece9b9d1fe,1 星,Books,￥464.08,￥464.08,￥0.00,9,0
The Book of Mormon,3f25a2fedae191cc,3 星,Books,￥209.60,￥209.60,￥0.00,9,0
"The Fabric of the Cosmos: Space, Time, and the Texture of Reality",ca74f2e3c35a3e77,1 星,Books,￥476.96,￥476.96,￥0.00,9,0
Nap-a-Roo,913e7109cec0cb4c,1 星,Books,￥213.95,￥213.95,￥0.00,9,0
The Flowers Lied,33396269bcce166f,2 星,Books,￥142.30,￥142.30,￥0.00,9,0
The Art and Science of Low Carbohydrate Living,f9c87ccb2bc4853b,5 星,Books,￥451.97,￥451.97,￥0.00,9,0
"The Moosewood Cookbook: Recipes from Moosewood Restaurant, Ithaca, New York",65cfc9f242c2984a,4 星,Books,￥105.27,￥105.27,￥0.00,9,0
The New Brand You: Your New Image Makes the Sale for You,4b50fb1359ebf35d,5 星,Books,￥375.79,￥375.79,￥0.00,9,0
The Shack,903a9f8090104c2c,1 星,Books,￥239.12,￥239.12,￥0.00,9,0
Without Shame,ab60e6f5a63e1cfb,5 星,Books,￥411.79,￥411.79,￥0.00,9,0
Unlimited Intuition Now,4fd0a2a350f016e6,4 星,Books,￥502.21,￥502.21,￥0.00,9,0
Underlying Notes,0967effecd292a86,2 星,Books,￥100.84,￥100.84,￥0.00,9,0
Watchmen,d1848064c54e01c7,4 星,Books,￥495.22,￥495.22,￥0.00,9,0
Suzie Snowflake: One beautiful flake (a self-esteem story),0e095ed785af7e43,5 星,Books,￥467.58,￥467.58,￥0.00,9,0
Don't Forget Steven,e845d305f64154f1,1 星,Books,￥283.48,￥283.48,￥0.00,9,0
Dress Your Family in Corduroy and Denim,7e9068872228c474,3 星,Books,￥372.63,￥372.63,￥0.00,9,0
"Fruits Basket, Vol. 9 (Fruits Basket #9)",97187f5cf0385da3,4 星,Books,￥289.62,￥289.62,￥0.00,9,0
If I Gave You God's Phone Number....: Searching for Spirituality in America,8fab4c4f6f82a4ce,1 星,Books,￥178.38,￥178.38,￥0.00,9,0
Modern Day Fables,6baac632f7711e26,2 星,Books,￥404.71,￥404.71,￥0.00,9,0
"NaNo What Now? Finding your editing process, revising your NaNoWriMo book and building a writing career through publishing and beyond",ee6c67859d70186b,4 星,Books,￥88.81,￥88.81,￥0.00,9,0
The Unlikely Pilgrimage of Harold Fry (Harold Fry #1),e0bdd79c7304ee8d,5 星,Books,￥372.12,￥372.12,￥0.00,8,0
The New Drawing on the Right Side of the Brain,3eec766dda26fa64,3 星,Books,￥367.00,￥367.00,￥0.00,8,0
Vagabonding: An Uncommon Guide to the Art of Long-Term World Travel,1809259a5a5f1d8d,2 星,Books,￥315.13,￥315.13,￥0.00,8,0
When Breath Becomes Air,b69c852e7e3956af,2 星,Books,￥335.78,￥335.78,￥0.00,8,0
Why Not Me?,04f6c929888f4f11,1 星,Books,￥151.51,￥151.51,￥0.00,8,0
"Zero to One: Notes on Startups, or How to Build the Future",e77033ce559947f7,3 星,Books,￥290.56,￥290.56,￥0.00,8,0
"The Midnight Assassin: Panic, Scandal, and the Hunt for America's First Serial Killer",5a0d2e9284004266,4 星,Books,￥242.70,￥242.70,￥0.00,8,0
A Shard of Ice (The Black Symphony Saga #1),63d5f1651880dcea,3 星,Books,￥483.10,￥483.10,￥0.00,9,0
A Hero's Curse (The Unseen Chronicles #1),c181ca8eabe7d18c,3 星,Books,￥430.73,￥430.73,￥0.00,9,0
Chernobyl 01:23:40: The Incredible True Story of the World's Worst Nuclear Disaster,7186241e043de5dc,2 星,Books,￥306.43,￥306.43,￥0.00,9,0
23 Degrees South: A Tropical Tale of Changing Whether...,61cf7eb9d2cd8bb0,2 星,Books,￥305.32,￥305.32,￥0.00,9,0
Silence in the Dark (Logan Point #4),e46a164cf310fd7d,3 星,Books,￥497.61,￥497.61,￥0.00,8,0
Art and Fear: Observations on the Perils (and Rewards) of Artmaking,d6d9ffea95f2f8bf,4 星,Books,￥414.86,￥414.86,￥0.00,9,0
Shadows of the Past (Logan Point #1),bee6e93e9976f4fa,5 星,Books,￥338.42,￥338.42,￥0.00,8,0
Smarter Faster Better: The Secrets of Being Productive in Life and Business,a2475a245c9907c4,5 星,Books,￥331.77,￥331.77,￥0.00,8,0
The E-Myth Revisited: Why Most Small Businesses Don't Work and What to Do About It,a2308a936e898d48,1 星,Books,￥314.88,￥314.88,￥0.00,8,0
South of Sunshine,331c26103d885cae,1 星,Books,￥246.80,￥246.80,￥0.00,8,0
The Grownup,1bba4b1ba23ed2d6,1 星,Books,￥306.09,￥306.09,￥0.00,8,0
Kierkegaard: A Christian Missionary to Christians,0cf57cb49272fd37,1 星,Books,￥402.06,￥402.06,￥0.00,8,0
Kill 'Em and Leave: Searching for James Brown and the American Soul,39eefec3a8498dde,5 星,Books,￥384.32,￥384.32,￥0.00,8,0
Left Behind (Left Behind #1),29af1a2566c4e36e,2 星,Books,￥347.38,￥347.38,￥0.00,8,0
Living Forward: A Proven Plan to Stop Drifting and Get the Life You Want,044534b0b28b4e87,3 星,Books,￥107.06,￥107.06,￥0.00,8,0
"Love That Boy: What Two Presidents, Eight Road Trips, and My Son Taught Me About a Parent's Expectations",4d3a4c7b442a9a4e,2 星,Books,￥213.78,￥213.78,￥0.00,8,0
Les Fleurs du Mal,c44c5e1425475206,5 星,Books,￥247.74,￥247.74,￥0.00,8,0
Man's Search for Meaning,4729afff3bea0f0a,3 星,Books,￥251.49,￥251.49,￥0.00,8,0
Miller's Valley,bff270fe9c86a5a9,2 星,Books,￥499.40,￥499.40,￥0.00,8,0
History of Beauty,8a150fd8ff5d7686,4 星,Books,￥87.78,￥87.78,￥0.00,8,0
Howl and Other Poems,b7870fa6dc088fbb,2 星,Books,￥345.07,￥345.07,￥0.00,8,0
Hystopia: A Novel,0bfdef63285d3019,4 星,Books,￥187.34,￥187.34,￥0.00,8,0
The Martian (The Martian #1),9afd00e81d6208e6,2 星,Books,￥353.09,￥353.09,￥0.00,8,0
The High Mountains of Portugal,4f283dfcbeccc0d4,1 星,Books,￥436.36,￥436.36,￥0.00,8,0
I Will Find You,bbf1ea50be8008ab,1 星,Books,￥377.15,￥377.15,￥0.00,8,0
I'll Give You the Sun,0ab4b35dcffcffd1,1 星,Books,￥481.83,￥481.83,￥0.00,8,0
John Vassos: Industrial Design for Modern Life,bd26e8a79a856c31,4 星,Books,￥172.49,￥172.49,￥0.00,8,0
My Life Next Door (My Life Next Door ),9a7291b89bd5445c,5 星,Books,￥310.44,￥310.44,￥0.00,8,0
Please Kill Me: The Uncensored Oral History of Punk,4a823d80aa30dbb0,4 星,Books,￥266.08,￥266.08,￥0.00,8,0
Out of Print: City Lights Spotlight No. 14,c0fc0cd215ee1724,5 星,Books,￥457.60,￥457.60,￥0.00,8,0
Roller Girl,aeb51dfbe8aeec59,5 星,Books,￥120.29,￥120.29,￥0.00,8,0
Heaven is for Real: A Little Boy's Astounding Story of His Trip to Heaven and Back,d48c1369927ebef1,2 星,Books,￥450.94,￥450.94,￥0.00,8,0
The Whale,0ff9d10864db8364,4 星,Books,￥306.77,￥306.77,￥0.00,7,0
The Year of Living Biblically: One Man's Humble Quest to Follow the Bible as Literally as Possible,4a0b78598b42897a,1 星,Books,￥296.19,￥296.19,￥0.00,7,0
Toddlers Are A**holes: It's Not Your Fault,4242cc3d0437db12,1 星,Books,￥217.96,￥217.96,￥0.00,7,0
Under the Tuscan Sun,a94350ee74deaa07,3 星,Books,￥318.46,￥318.46,￥0.00,7,0
Rising Strong,52fc458ffc756faf,3 星,Books,￥186.14,￥186.14,￥0.00,8,0
What Happened on Beale Street (Secrets of the South Mysteries #2),9735c969c652dd89,5 星,Books,￥216.43,￥216.43,￥0.00,7,0
You Are a Badass: How to Stop Doubting Your Greatness and Start Living an Awesome Life,88ec621893e595d0,3 星,Books,￥103.05,￥103.05,￥0.00,7,0
Wildlife of New York: A Five-Borough Coloring Book,b46d022080543144,2 星,Books,￥188.87,￥188.87,￥0.00,7,0
"""Most Blessed of the Patriarchs"": Thomas Jefferson and the Empire of the Imagination",f16c2edb2a603f92,5 星,Books,￥379.45,￥379.45,￥0.00,8,0
Unreasonable Hope: Finding Faith in the God Who Brings Purpose to Your Pain,48cb52d78c992487,2 星,Books,￥395.24,￥395.24,￥0.00,7,0
32 Yolks,b1a227b7609ff263,2 星,Books,￥457.51,￥457.51,￥0.00,8,0
Proofs of God: Classical Arguments from Tertullian to Barth,d56d0710668bb39c,1 星,Books,￥462.46,￥462.46,￥0.00,8,0
Being Mortal: Medicine and What Matters in the End,15ebd83e53d0391b,4 星,Books,￥469.71,￥469.71,￥0.00,8,0
Brazen: The Courage to Find the You That's Been Hiding,77e9ea355bd8ae57,2 星,Books,￥163.96,￥163.96,￥0.00,8,0
Between the World and Me,04e3de7ac35ec5cd,4 星,Books,￥485.49,￥485.49,￥0.00,8,0
Brilliant Beacons: A History of the American Lighthouse,7f5157bf53065d36,3 星,Books,￥97.68,￥97.68,￥0.00,8,0
Death by Leisure: A Cautionary Tale,4dbd54d9e36c9566,4 星,Books,￥319.99,￥319.99,￥0.00,8,0
Diary of a Citizen Scientist: Chasing Tiger Beetles and Other New Ways of Engaging the World,0c11e2d068768dbb,1 星,Books,￥242.36,￥242.36,￥0.00,8,0
Playing from the Heart,68008abf6409dfde,1 星,Books,￥276.23,￥276.23,￥0.00,7,0
Sister Dear,7ffebdd1d5148aef,4 星,Books,￥342.94,￥342.94,￥0.00,7,0
"Rich Dad, Poor Dad",8486f61aa81a3daa,1 星,Books,￥441.39,￥441.39,￥0.00,7,0
"Shrunken Treasures: Literary Classics, Short, Sweet, and Silly",9639e89d20228e6e,3 星,Books,￥451.03,￥451.03,￥0.00,7,0
Raymie Nightingale,31c56c4d0fe19340,2 星,Books,￥293.55,￥293.55,￥0.00,7,0
"A Murder Over a Girl: Justice, Gender, Junior High",fef91502cbacf23a,3 星,Books,￥112.61,￥112.61,￥0.00,8,0
Steal Like an Artist: 10 Things Nobody Told You About Being Creative,8776181be110838a,2 星,Books,￥178.30,￥178.30,￥0.00,7,0
"Sit, Stay, Love",bd087cf6a846db75,3 星,Books,￥178.30,￥178.30,￥0.00,7,0
The Art Book,4b8fa561a1e52d1c,2 星,Books,￥275.89,￥275.89,￥0.00,7,0
Team of Rivals: The Political Genius of Abraham Lincoln,ba047a636b7d3793,5 星,Books,￥171.64,￥171.64,￥0.00,7,0
The Bachelor Girl's Guide to Murder (Herringford and Watts Mysteries #1),20789fb17b423c4c,5 星,Books,￥446.17,￥446.17,￥0.00,7,0
The 7 Habits of Highly Effective People: Powerful Lessons in Personal Change,5fbd03b1ac0a0e69,4 星,Books,￥282.97,￥282.97,￥0.00,7,0
The Constant Princess (The Tudor Court #1),24933c712f0bca2f,3 星,Books,￥141.78,￥141.78,￥0.00,7,0
The Drowning Girls,7a10353c9c54cf7c,3 星,Books,￥304.30,￥304.30,￥0.00,7,0
The Faith of Christopher Hitchens: The Restless Soul of the World's Most Notorious Atheist,57f85720e54d6442,1 星,Books,￥337.40,￥337.40,￥0.00,7,0
The Glass Castle,47f4fd3e8e1dac05,1 星,Books,￥138.54,￥138.54,￥0.00,7,0
The Good Girl,f935412970c9f58f,3 星,Books,￥418.27,￥418.27,￥0.00,7,0
The Great Gatsby,a8dbf1c6b41b885a,4 星,Books,￥307.54,￥307.54,￥0.00,7,0
The Origin of Species,0345872b14f9e774,4 星,Books,￥85.39,￥85.39,￥0.00,7,0
The Bourne Identity (Jason Bourne #1),d250657f0ebc5d73,4 星,Books,￥364.95,￥364.95,￥0.00,7,0
The Story of Art,9147c5251cc99eb1,4 星,Books,￥350.96,￥350.96,￥0.00,7,0
Ender's Game (The Ender Quintet #1),e049d44c4f1cf1b2,1 星,Books,￥372.29,￥372.29,￥0.00,8,0
"Chronicles, Vol. 1",4781b6bfd6f7a2c5,2 星,Books,￥448.73,￥448.73,￥0.00,7,0
Blue Like Jazz: Nonreligious Thoughts on Christian Spirituality,a322361a37a78d3d,1 星,Books,￥219.84,￥219.84,￥0.00,7,0
Counted With the Stars (Out from Egypt #1),4807043b8218e9ce,5 星,Books,￥153.30,￥153.30,￥0.00,7,0
Delivering the Truth (Quaker Midwife Mystery #1),4e980425468708da,4 星,Books,￥178.21,￥178.21,￥0.00,7,0
Finding God in the Ruins: How God Redeems Pain,4e78f06160b717ac,2 星,Books,￥397.88,￥397.88,￥0.00,7,0
For the Love: Fighting for Grace in a World of Impossible Standards,2e40333991f56f45,3 星,Books,￥385.00,￥385.00,￥0.00,7,0
Good in Bed (Cannie Shapiro #1),c00bc29a678a6efb,5 星,Books,￥316.07,￥316.07,￥0.00,7,0
How to Be a Domestic Goddess: Baking and the Art of Comfort Cooking,eff5710404e2ff78,2 星,Books,￥241.00,￥241.00,￥0.00,7,0
"Fruits Basket, Vol. 7 (Fruits Basket #7)",de6d7645f192d517,1 星,Books,￥166.95,￥166.95,￥0.00,7,0
How to Cook Everything Vegetarian: Simple Meatless Recipes for Great Food (How to Cook Everything),2a9fcb3382d351c8,4 星,Books,￥392.51,￥392.51,￥0.00,7,0
John Adams,68407606544d6f22,4 星,Books,￥489.93,￥489.93,￥0.00,7,0
Every Heart a Doorway (Every Heart A Doorway #1),4fa75fc6829431ca,5 星,Books,￥103.74,￥103.74,￥0.00,7,0
King's Folly (The Kinsman Chronicles #1),4c82371b8cd02d4d,5 星,Books,￥337.91,￥337.91,￥0.00,7,0
Leave This Song Behind: Teen Poetry at Its Best,b74ee891e2a6dd69,5 星,Books,￥436.53,￥436.53,￥0.00,7,0
Life of Pi,40cdcbb7692fd408,4 星,Books,￥112.78,￥112.78,￥0.00,7,0
Memoirs of a Geisha,dac4b5847454fd9b,3 星,Books,￥423.73,￥423.73,￥0.00,7,0
Meternity,725cd8d23d78cdca,3 星,Books,￥371.78,￥371.78,￥0.00,7,0
"Naturally Lean: 125 Nourishing Gluten-Free, Plant-Based Recipes--All Under 300 Calories",924438fc6cbec836,5 星,Books,￥97.08,￥97.08,￥0.00,7,0
Nightstruck: A Novel,746029796363aa51,4 星,Books,￥429.53,￥429.53,￥0.00,7,0
The Collected Poems of W.B. Yeats (The Collected Works of W.B. Yeats #1),3d250ab0f12be445,5 星,Books,￥131.55,￥131.55,￥0.00,6,0
Like Never Before (Walker Family #2),b6670507e85b30e6,2 星,Books,￥245.43,￥245.43,￥0.00,7,0
The Fellowship of the Ring (The Lord of the Rings #1),cb17945cb90b7837,2 星,Books,￥87.61,￥87.61,￥0.00,6,0
The Girl You Left Behind (The Girl You Left Behind #1),eb7459e0c570251d,1 星,Books,￥134.70,￥134.70,￥0.00,6,0
The God Delusion,2bc80eba94950873,3 星,Books,￥399.67,￥399.67,￥0.00,6,0
Future Shock (Future Shock #1),df6a7c43faa6732b,5 星,Books,￥474.74,￥474.74,￥0.00,8,0
The Golden Compass (His Dark Materials #1),d33824cb93ecab6f,1 星,Books,￥160.12,￥160.12,￥0.00,6,0
The Great Railway Bazaar,48736df57e7bec9f,1 星,Books,￥260.53,￥260.53,￥0.00,6,0
The Hobbit (Middle-Earth Universe),72b5355dda190b6a,5 星,Books,￥151.85,￥151.85,￥0.00,6,0
The Invention of Wings,e6635f5b0a2c78db,1 星,Books,￥318.54,￥318.54,￥0.00,6,0
The Joy of Cooking,d326e189b1210916,4 星,Books,￥369.13,￥369.13,￥0.00,6,0
The Makings of a Fatherless Child,2efa5a839e62b1bd,2 星,Books,￥269.41,￥269.41,￥0.00,6,0
The Man Who Mistook His Wife for a Hat and Other Clinical Tales,60376aa71be66083,4 星,Books,￥507.16,￥507.16,￥0.00,6,0
The Mysterious Affair at Styles (Hercule Poirot #1),2da5edf8b5776c9a,4 星,Books,￥211.57,￥211.57,￥0.00,6,0
The Perks of Being a Wallflower,fd364afd082f5446,3 星,Books,￥469.37,￥469.37,￥0.00,6,0
The Rise and Fall of the Third Reich: A History of Nazi Germany,774fa432bd7d9c47,2 星,Books,￥338.42,￥338.42,￥0.00,6,0
A Gathering of Shadows (Shades of Magic #2),d1378a0ad06ff979,4 星,Books,￥382.27,￥382.27,￥0.00,7,0
A Short History of Nearly Everything,6c7fa6844380f50a,5 星,Books,￥447.02,￥447.02,￥0.00,7,0
The Sound Of Love,5ba3d703d1ae0c1d,5 星,Books,￥493.43,￥493.43,￥0.00,6,0
A Summer In Europe,cc1936a9f4e93477,2 星,Books,￥378.26,￥378.26,￥0.00,7,0
"At The Existentialist Café: Freedom, Being, and apricot cocktails with: Jean-Paul Sartre, Simone de Beauvoir, Albert Camus, Martin Heidegger, Edmund Husserl, Karl Jaspers, Maurice Merleau-Ponty and others",6b52904b2ab91bf6,5 星,Books,￥255.33,￥255.33,￥0.00,7,0
"Girl, Interrupted",384c7d41d5ffe9d1,3 星,Books,￥359.49,￥359.49,￥0.00,6,0
Better Homes and Gardens New Cook Book,faf841f81c52638b,3 星,Books,￥337.91,￥337.91,￥0.00,6,0
A Year in Provence (Provence #1),9e60929f521fa280,4 星,Books,￥485.24,￥485.24,￥0.00,6,0
An Unquiet Mind: A Memoir of Moods and Madness,46cb43c2ab133ccc,3 星,Books,￥181.71,￥181.71,￥0.00,6,0
Catherine the Great: Portrait of a Woman,f3c70d296ec796c4,4 星,Books,￥499.48,￥499.48,￥0.00,6,0
"Death Note, Vol. 6: Give-and-Take (Death Note #6)",6e06d0f00f6da20f,3 星,Books,￥310.44,￥310.44,￥0.00,6,0
Benjamin Franklin: An American Life,5b546a46a86a9d8c,3 星,Books,￥411.10,￥411.10,￥0.00,7,0
"Fruits Basket, Vol. 6 (Fruits Basket #6)",97258f576d4bb672,4 星,Books,￥178.81,￥178.81,￥0.00,6,0
Fun Home: A Family Tragicomic,56a34d0cec11d6b0,4 星,Books,￥482.76,￥482.76,￥0.00,6,0
Give It Back,012170e4fc87ace0,2 星,Books,￥156.29,￥156.29,￥0.00,6,0
How to Stop Worrying and Start Living,e792c0969cefe1b8,5 星,Books,￥396.60,￥396.60,￥0.00,6,0
In Cold Blood,fe0f34ebed689381,4 星,Books,￥426.37,￥426.37,￥0.00,6,0
Deception Point,4e3b183180e2a992,4 星,Books,￥343.97,￥343.97,￥0.00,6,0
In the Woods (Dublin Murder Squad #1),6958de044cb28a84,2 星,Books,￥327.42,￥327.42,￥0.00,6,0
Me Before You (Me Before You #1),7a2b51f69e81c722,1 星,Books,￥162.26,￥162.26,￥0.00,6,0
Mere Christianity,f38f37ed934d84b2,3 星,Books,￥413.83,￥413.83,￥0.00,6,0
Musicophilia: Tales of Music and the Brain,6d235933670503d9,1 星,Books,￥397.37,￥397.37,￥0.00,6,0
Pride and Prejudice,720c36b2bee4692e,4 星,Books,￥164.39,￥164.39,￥0.00,6,0
Ship Leaves Harbor: Essays on Travel by a Recovering Journeyman,8d8e9f9b8730eb25,3 星,Books,￥261.05,￥261.05,￥0.00,6,0
Two Summers,3a7d54a264d9f33e,1 星,Books,￥124.89,￥124.89,￥0.00,5,0
Tell the Wolves I'm Home,2a1b3d967cda1da2,2 星,Books,￥434.73,￥434.73,￥0.00,6,0
What If?: Serious Scientific Answers to Absurd Hypothetical Questions,163d89116179c33f,4 星,Books,￥457.94,￥457.94,￥0.00,5,0
The Fault in Our Stars,3661360c99719414,1 星,Books,￥402.83,￥402.83,￥0.00,5,0
The Expatriates,fe7210553d56c097,2 星,Books,￥380.31,￥380.31,￥0.00,5,0
The False Prince (The Ascendance Trilogy #1),a2a9f76339d21ab1,5 星,Books,￥477.73,￥477.73,￥0.00,5,0
The Firm,ad84f18659e6bfe2,3 星,Books,￥388.67,￥388.67,￥0.00,5,0
The Grand Design,3213b1f13f5f0f7c,3 星,Books,￥117.39,￥117.39,￥0.00,5,0
The Barefoot Contessa Cookbook,6478ccb4416e6a5d,5 星,Books,￥511.17,￥511.17,￥0.00,6,0
The Hiding Place,c4589ee5977a47be,4 星,Books,￥476.96,￥476.96,￥0.00,5,0
The Mathews Men: Seven Brothers and the War Against Hitler's U-boats,0d210d2448c3018f,5 星,Books,￥366.06,￥366.06,￥0.00,5,0
The Metamorphosis,93379e3a2072a01b,1 星,Books,￥243.81,￥243.81,￥0.00,5,0
The Power Greens Cookbook: 140 Delicious Superfood Recipes,f701fae56b645ef7,5 星,Books,￥94.27,￥94.27,￥0.00,5,0
The Little Paris Bookshop,dfd9ff1f343cdaff,3 星,Books,￥210.97,￥210.97,￥0.00,5,0
The Raven King (The Raven Cycle #4),2e4fc5eacceec12c,2 星,Books,￥260.79,￥260.79,￥0.00,5,0
The Raven Boys (The Raven Cycle #1),e0b3a679b83caccc,4 星,Books,￥492.57,￥492.57,￥0.00,5,0
The Secret Garden,abbb492978ff656d,4 星,Books,￥128.65,￥128.65,￥0.00,5,0
Where She Went (If I Stay #2),60369d96b7b80869,4 星,Books,￥355.99,￥355.99,￥0.00,5,0
Why Save the Bankers?: And Other Essays on Our Economic and Political Crisis,759ee7d059b1beb8,2 星,Books,￥415.20,￥415.20,￥0.00,5,0
"Will Grayson, Will Grayson (Will Grayson, Will Grayson)",e75f3ae1da1cc652,4 星,Books,￥403.60,￥403.60,￥0.00,5,0
World Without End (The Pillars of the Earth #2),2e5b4ff08a75fd02,4 星,Books,￥281.26,￥281.26,￥0.00,5,0
The Dream Thieves (The Raven Cycle #2),fec06f52054ea900,1 星,Books,￥294.32,￥294.32,￥0.00,5,0
This Is Your Brain on Music: The Science of a Human Obsession,bc209a900101f28d,1 星,Books,￥327.59,￥327.59,￥0.00,5,0
Killing Floor (Jack Reacher #1),8dde2ff3f6fcc0a3,4 星,Books,￥268.64,￥268.64,￥0.00,5,0
Lola and the Boy Next Door (Anna and the French Kiss #2),5e1a88d248599768,4 星,Books,￥201.59,￥201.59,￥0.00,5,0
Logan Kade (Fallen Crest High #5.5),7093cf549cd2e7de,2 星,Books,￥111.93,￥111.93,￥0.00,5,0
Last One Home (New Beginnings #1),07e6810fd3236bda,3 星,Books,￥511.68,￥511.68,￥0.00,5,0
Maybe Something Beautiful: How Art Transformed a Neighborhood,81c68492ccd72941,1 星,Books,￥192.29,￥192.29,￥0.00,5,0
Mexican Today: New and Rediscovered Recipes for Contemporary Kitchens,12a90b90283b2e6d,5 星,Books,￥212.50,￥212.50,￥0.00,5,0
Kill the Boy Band,44f545727e704187,5 星,Books,￥132.40,￥132.40,￥0.00,5,0
My Mother Was Nuts,a4ce39a3720cd679,4 星,Books,￥269.83,￥269.83,￥0.00,5,0
Peak: Secrets from the New Science of Expertise,6036239d2ab349b7,2 星,Books,￥138.88,￥138.88,￥0.00,5,0
Shiver (The Wolves of Mercy Falls #1),59a8ae019b64f2a7,5 星,Books,￥138.46,￥138.46,￥0.00,5,0
Remember Me?,2973d38c2fbd7a5c,3 星,Books,￥97.93,￥97.93,￥0.00,5,0
Red Dragon (Hannibal Lecter #1),e958ae92f328c181,3 星,Books,￥199.37,￥199.37,￥0.00,5,0
Siddhartha,84bb29c53592ac40,5 星,Books,￥291.93,￥291.93,￥0.00,5,0
Talking to Girls About Duran Duran: One Young Man's Quest for True Love and a Cooler Haircut,1dba84766a5e87b8,4 星,Books,￥214.55,￥214.55,￥0.00,5,0
Tell Me Three Things,50d5a7b861ed1c54,1 星,Books,￥356.68,￥356.68,￥0.00,5,0
Tell the Wind and Fire,84126312e2431a09,3 星,Books,￥388.24,￥388.24,￥0.00,5,0
America's War for the Greater Middle East: A Military History,add33db6ff80db24,2 星,Books,￥436.95,￥436.95,￥0.00,5,0
Approval Junkie: Adventures in Caring Too Much,612369a5947a012e,5 星,Books,￥501.70,￥501.70,￥0.00,5,0
An Abundance of Katherines,f36d24c309e87e5b,5 星,Books,￥85.31,￥85.31,￥0.00,5,0
"Blue Lily, Lily Blue (The Raven Cycle #3)",ad5e078beceaeb4a,5 星,Books,￥291.16,￥291.16,￥0.00,5,0
Booked,b54d7416bb445989,5 星,Books,￥149.21,￥149.21,￥0.00,5,0
Critique of Pure Reason,429b4a811bef386c,1 星,Books,￥177.02,￥177.02,￥0.00,5,0
"Death Note, Vol. 5: Whiteout (Death Note #5)",1c0a38899c82b60a,1 星,Books,￥447.10,￥447.10,￥0.00,5,0
Digital Fortress,94bb629a3f6dd00b,5 星,Books,￥494.79,￥494.79,￥0.00,5,0
Drama,d5ad4c92d8bf26c9,2 星,Books,￥330.15,￥330.15,￥0.00,5,0
Dracula the Un-Dead,e46b1074b99ac4b6,5 星,Books,￥303.96,￥303.96,￥0.00,5,0
Evicted: Poverty and Profit in the American City,75cc85cdbe9ad46b,1 星,Books,￥360.60,￥360.60,￥0.00,5,0
Find Her (Detective D.D. Warren #8),b28c7d07afa7063b,1 星,Books,￥190.84,￥190.84,￥0.00,5,0
Foundation (Foundation (Publication Order) #1),3fc124f59f3068e4,1 星,Books,￥276.57,￥276.57,￥0.00,5,0
"Fruits Basket, Vol. 5 (Fruits Basket #5)",3fd83dcf37bf1bc0,1 星,Books,￥139.31,￥139.31,￥0.00,5,0
Harry Potter and the Deathly Hallows (Harry Potter #7),6c49258724f11770,1 星,Books,￥198.94,￥198.94,￥0.00,5,0
I Know Why the Caged Bird Sings (Maya Angelou's Autobiography #1),d219d4e325e6f204,2 星,Books,￥311.80,￥311.80,￥0.00,5,0
If I Stay (If I Stay #1),7284d85428305f5a,5 星,Books,￥325.28,￥325.28,￥0.00,5,0
Fool Me Once,630e766f0a1987dd,1 星,Books,￥144.68,￥144.68,￥0.00,5,0
Isla and the Happily Ever After (Anna and the French Kiss #3),45045146dbf7b009,5 星,Books,￥410.59,￥410.59,￥0.00,5,0
"Data, A Love Story: How I Gamed Online Dating to Meet My Match",bcf567421c581f0a,3 星,Books,￥275.97,￥275.97,￥0.00,5,0
The 5th Wave (The 5th Wave #1),b716233fcb6877e6,2 星,Books,￥100.92,￥100.92,￥0.00,5,0
Some Women,31f5bbf4974d29c9,5 星,Books,￥117.13,￥117.13,￥0.00,4,0
The Beast (Black Dagger Brotherhood #14),8930013d06942df1,5 星,Books,￥393.10,￥393.10,￥0.00,4,0
The Bone Hunters (Lexy Vaughan & Steven Macaulay #2),9c4d061c1e2fe6bf,3 星,Books,￥509.38,￥509.38,￥0.00,4,0
The Demonists (Demonist #1),ff2dffba388d9922,2 星,Books,￥444.55,￥444.55,￥0.00,4,0
"The Demon Prince of Momochi House, Vol. 4 (The Demon Prince of Momochi House #4)",df53c2948b32bde3,2 星,Books,￥237.84,￥237.84,￥0.00,4,0
The Gunning of America: Business and the Making of American Gun Culture,45033bdf3d9ed158,4 星,Books,￥143.40,￥143.40,￥0.00,4,0
The Hound of the Baskervilles (Sherlock Holmes #5),6587f46697fc4443,2 星,Books,￥126.43,￥126.43,￥0.00,4,0
The Hunger Games (The Hunger Games #1),6d2f70d9424f41a1,5 星,Books,￥254.65,￥254.65,￥0.00,4,0
The Jazz of Physics: The Secret Link Between Music and the Structure of the Universe,6a57286a8890d8c5,3 星,Books,￥330.23,￥330.23,￥0.00,4,0
The Passion of Dolssa,011674f4a3834b8d,5 星,Books,￥241.60,￥241.60,￥0.00,4,0
The Perfect Play (Play by Play #1),9cc207168a03470d,3 星,Books,￥511.77,￥511.77,￥0.00,4,0
The Pilgrim's Progress,6053ddf69c967d5f,2 星,Books,￥428.76,￥428.76,￥0.00,4,0
The Shining (The Shining #1),d4de23aa98acc65b,3 星,Books,￥237.84,￥237.84,￥0.00,4,0
Vogue Colors A to Z: A Fashion Coloring Book,a8f4577a48023344,4 星,Books,￥446.59,￥446.59,￥0.00,4,0
A Clash of Kings (A Song of Ice and Fire #2),89a89e76f3516357,3 星,Books,￥92.05,￥92.05,￥0.00,5,0
A Feast for Crows (A Song of Ice and Fire #4),f2c8f4b4c94d5c5c,4 星,Books,￥146.82,￥146.82,￥0.00,5,0
A Game of Thrones (A Song of Ice and Fire #1),03cbb67c0f990d87,2 星,Books,￥396.00,￥396.00,￥0.00,5,0
A Girl's Guide to Moving On (New Beginnings #2),cf3b86489890b9f2,1 星,Books,￥267.02,￥267.02,￥0.00,5,0
The Geography of Bliss: One Grump's Search for the Happiest Places in the World,c65ee14957c0fa5c,2 星,Books,￥240.83,￥240.83,￥0.00,4,0
Alight (The Generations Trilogy #2),d9290e99f189ce84,4 星,Books,￥499.83,￥499.83,￥0.00,5,0
Harry Potter and the Chamber of Secrets (Harry Potter #2),c7c4f55b7321cba7,1 星,Books,￥125.75,￥125.75,￥0.00,4,0
The Crossover,b228042c088b1913,4 星,Books,￥330.74,￥330.74,￥0.00,5,0
"Fruits Basket, Vol. 4 (Fruits Basket #4)",8fff1084aa085a13,4 星,Books,￥430.30,￥430.30,￥0.00,4,0
God Is Not Great: How Religion Poisons Everything,ddbc5530d2939d49,1 星,Books,￥237.16,￥237.16,￥0.00,4,0
Harry Potter and the Half-Blood Prince (Harry Potter #6),73f4f87dd936ee5c,5 星,Books,￥415.88,￥415.88,￥0.00,4,0
Gone with the Wind,23310ce84d3c9f85,3 星,Books,￥277.17,￥277.17,￥0.00,4,0
Harry Potter and the Prisoner of Azkaban (Harry Potter #3),eff24325e0ede639,4 星,Books,￥206.19,￥206.19,￥0.00,4,0
Harry Potter and the Sorcerer's Stone (Harry Potter #1),ac337893a9fe0085,3 星,Books,￥118.58,￥118.58,￥0.00,4,0
It,670a2773607d785d,3 星,Books,￥213.36,￥213.36,￥0.00,4,0
Little Women (Little Women #1),deda806b68b0aa11,4 星,Books,￥239.46,￥239.46,￥0.00,4,0
Mockingjay (The Hunger Games #3),5212c6acea3359e5,4 星,Books,￥174.37,￥174.37,￥0.00,4,0
Girl With a Pearl Earring,5eff05e59f905a49,1 星,Books,￥228.37,￥228.37,￥0.00,4,0
Harry Potter and the Order of the Phoenix (Harry Potter #5),5a6b7155f2797537,4 星,Books,￥269.83,￥269.83,￥0.00,4,0
Misery,81d4191030b9704b,2 星,Books,￥296.79,￥296.79,￥0.00,4,0
Needful Things,70b585c9d0f15725,4 星,Books,￥405.30,￥405.30,￥0.00,4,0
Night Shift (Night Shift #1-20),869d20b3b8128230,4 星,Books,￥108.77,￥108.77,￥0.00,4,0
No One Here Gets Out Alive,3a95f5a2df4ff921,5 星,Books,￥170.79,￥170.79,￥0.00,4,0
Paper and Fire (The Great Library #2),ae884ac655d6ee3e,5 星,Books,￥421.85,￥421.85,￥0.00,4,0
"Orchestra of Exiles: The Story of Bronislaw Huberman, the Israel Philharmonic, and the One Thousand Jews He Saved from Nazi Horrors",2ba5ccc84d35006c,3 星,Books,￥105.44,￥105.44,￥0.00,4,0
Outlander (Outlander #1),5de4baa88061a77a,5 星,Books,￥167.80,￥167.80,￥0.00,4,0
Shopaholic Ties the Knot (Shopaholic #3),38199c5d7da0c0ef,5 星,Books,￥412.81,￥412.81,￥0.00,4,0
The Darkest Corners,c4182bdb53e2459a,5 星,Books,￥96.66,￥96.66,￥0.00,5,0
We Are All Completely Beside Ourselves,be3db344a845580b,1 星,Books,￥205.08,￥205.08,￥0.00,3,0
We the People: The Modern-Day Figures Who Have Reshaped and Affirmed the Founding Fathers' Vision of America,06bab964fd536971,3 星,Books,￥272.56,￥272.56,￥0.00,3,0
"Where'd You Go, Bernadette",07bb35158d9dd3d2,1 星,Books,￥154.67,￥154.67,￥0.00,3,0
When You Are Engulfed in Flames,dab0196cd5fc8e5e,5 星,Books,￥263.52,￥263.52,￥0.00,3,0
World War Z: An Oral History of the Zombie War,5d55202da0252627,1 星,Books,￥185.97,￥185.97,￥0.00,3,0
Wuthering Heights,5a7ff9aaa3168878,3 星,Books,￥151.25,￥151.25,￥0.00,3,0
Wild: From Lost to Found on the Pacific Crest Trail,d30b9215c72cca87,3 星,Books,￥392.59,￥392.59,￥0.00,3,0
'Salem's Lot,6e9403f00acd6752,4 星,Books,￥422.79,￥422.79,￥0.00,4,0
A New Earth: Awakening to Your Life's Purpose,f6ae39568db1130e,5 星,Books,￥474.74,￥474.74,￥0.00,4,0
Atlas Shrugged,78a4ac98191ac675,5 星,Books,￥226.75,￥226.75,￥0.00,4,0
"A History of God: The 4,000-Year Quest of Judaism, Christianity, and Islam",d12ca4020c2f602e,1 星,Books,￥235.62,￥235.62,￥0.00,4,0
Zero History (Blue Ant #3),634b7165c96ebb9f,1 星,Books,￥296.62,￥296.62,￥0.00,3,0
Can You Keep a Secret?,0812f54c93d726ce,1 星,Books,￥187.17,￥187.17,￥0.00,4,0
Candide,2798974abc8a58a8,3 星,Books,￥500.17,￥500.17,￥0.00,4,0
A Walk to Remember,aead11697d14ea36,1 星,Books,￥481.40,￥481.40,￥0.00,4,0
Animal Farm,1451b55e5e56bb89,3 星,Books,￥488.14,￥488.14,￥0.00,4,0
Dark Lover (Black Dagger Brotherhood #1),2b69d289279aabfd,1 星,Books,￥109.79,￥109.79,￥0.00,4,0
Far From True (Promise Falls Trilogy #2),ad15a9a139919918,2 星,Books,￥297.98,￥297.98,￥0.00,4,0
Confessions of a Shopaholic (Shopaholic #1),a2dc754afb69bb32,2 星,Books,￥417.50,￥417.50,￥0.00,4,0
Changing the Game (Play by Play #2),aaebac5fda798b1b,3 星,Books,￥114.14,￥114.14,￥0.00,4,0
Vegan Vegetarian Omnivore: Dinner for Everyone at the Table,4672d10b9b1e7a05,2 星,Books,￥116.53,￥116.53,￥0.00,3,0
The Smitten Kitchen Cookbook,742702d662a71410,1 星,Books,￥201.24,￥201.24,￥0.00,3,0
Walk the Edge (Thunder Road #2),0e4e2d31c2fb3aad,3 星,Books,￥276.06,￥276.06,￥0.00,3,0
Very Good Lives: The Fringe Benefits of Failure and the Importance of Imagination,52aa3d79b1cee455,3 星,Books,￥432.18,￥432.18,￥0.00,3,0
"Unstuffed: Decluttering Your Home, Mind, and Soul",b830685072fa871f,1 星,Books,￥495.56,￥495.56,￥0.00,3,0
Voyager (Outlander #3),7feac4000cbc5859,5 星,Books,￥179.75,￥179.75,￥0.00,3,0
The Stand,49f24193f0b961e6,2 星,Books,￥493.60,￥493.60,￥0.00,3,0
The Travelers,2b685187f55c5d31,1 星,Books,￥134.53,￥134.53,￥0.00,3,0
The Undomestic Goddess,813cff2aefa5d1f0,4 星,Books,￥390.29,￥390.29,￥0.00,3,0
The Thing About Jellyfish,3d15714d4d3d15dd,1 星,Books,￥416.05,￥416.05,￥0.00,3,0
The Tipping Point: How Little Things Can Make a Big Difference,224fa77d4b248046,2 星,Books,￥85.48,￥85.48,￥0.00,3,0
"The Wicked + The Divine, Vol. 3: Commercial Suicide (The Wicked + The Divine)",a33ed2e6068df53e,3 星,Books,￥122.93,￥122.93,￥0.00,3,0
The Wild Robot,75fed6a47f69859d,3 星,Books,￥478.33,￥478.33,￥0.00,3,0
"Thinking, Fast and Slow",719d72f3ee512dc6,1 星,Books,￥180.34,￥180.34,￥0.00,3,0
Three-Martini Lunch,57f755143ee96fd4,3 星,Books,￥198.00,￥198.00,￥0.00,3,0
"Trespassing Across America: One Man's Epic, Never-Done-Before (and Sort of Illegal) Hike Across the Heartland",2173a2ce35f6ace1,1 星,Books,￥456.49,￥456.49,￥0.00,3,0
Twilight (Twilight #1),b53078de0147f6bf,2 星,Books,￥357.70,￥357.70,￥0.00,3,0
Two Boys Kissing,61bc8167c9680283,2 星,Books,￥279.30,￥279.30,￥0.00,3,0
The Lonely Ones,cf2f27fdf94ba20e,5 星,Books,￥371.86,￥371.86,￥0.00,3,0
The Silkworm (Cormoran Strike #2),f06039c29b5891fa,5 星,Books,￥196.64,￥196.64,￥0.00,3,0
Twenties Girl,8ebad30219b8679c,2 星,Books,￥365.12,￥365.12,￥0.00,3,0
The Lover's Dictionary,36c15687f5ab0f7c,2 星,Books,￥495.56,￥495.56,￥0.00,3,0
The Maze Runner (The Maze Runner #1),4266f48a0aa1c37d,1 星,Books,￥178.55,￥178.55,￥0.00,3,0
The Name of God is Mercy,0baf71623648413a,2 星,Books,￥317.78,￥317.78,￥0.00,3,0
The Nanny Diaries (Nanny #1),6263c1d2997b8ce0,5 星,Books,￥448.13,￥448.13,￥0.00,3,0
The New Guy (and Other Senior Year Distractions),3e42ac0f4d43320f,3 星,Books,￥383.21,￥383.21,￥0.00,3,0
The Nightingale,29d6d87f3418638b,4 星,Books,￥224.02,￥224.02,￥0.00,3,0
The Obsession,ee441c8e027caa66,1 星,Books,￥387.56,￥387.56,￥0.00,3,0
The Paris Wife,fa26798728f5208f,3 星,Books,￥313.94,￥313.94,￥0.00,3,0
The Picture of Dorian Gray,b9f6305a3d650e2c,2 星,Books,￥253.37,￥253.37,￥0.00,3,0
The Purest Hook (Second Circle Tattoos #3),969f6c7e86554814,1 星,Books,￥104.50,￥104.50,￥0.00,3,0
The Purpose Driven Life: What on Earth Am I Here for?,0e7beedf0ee9380c,3 星,Books,￥317.26,￥317.26,￥0.00,3,0
The Restaurant at the End of the Universe (Hitchhiker's Guide to the Galaxy #2),0e92ccf1bd39e68f,1 星,Books,￥93.16,￥93.16,￥0.00,3,0
"The End of Faith: Religion, Terror, and the Future of Reason",b3f2bc2cefb35f05,4 星,Books,￥188.79,￥188.79,￥0.00,3,0
The Rise of Theodore Roosevelt (Theodore Roosevelt #1),1a5044d233936b1a,3 星,Books,￥363.16,￥363.16,￥0.00,3,0
"The Elegant Universe: Superstrings, Hidden Dimensions, and the Quest for the Ultimate Theory",c6bf14cb901c63ac,4 星,Books,￥111.16,￥111.16,￥0.00,3,0
The Red Tent,3c456328b04a8ee8,5 星,Books,￥304.21,￥304.21,￥0.00,3,0
The Rest Is Noise: Listening to the Twentieth Century,e2d47e82c50d41d9,1 星,Books,￥296.62,￥296.62,￥0.00,3,0
The Exiled,dd003e904727281a,3 星,Books,￥370.67,￥370.67,￥0.00,3,0
The Day the Crayons Came Home (Crayons),b22362b434e8ee62,5 星,Books,￥224.62,￥224.62,￥0.00,3,0
The Demon-Haunted World: Science as a Candle in the Dark,f51062bf579507d9,4 星,Books,￥445.74,￥445.74,￥0.00,3,0
The Devil Wears Prada (The Devil Wears Prada #1),a6ab0cb7106a67f2,1 星,Books,￥377.83,￥377.83,￥0.00,3,0
"The Disappearing Spoon: And Other True Tales of Madness, Love, and the History of the World from the Periodic Table of the Elements",63c0826ef59eae66,5 星,Books,￥489.25,￥489.25,￥0.00,3,0
The Girl Who Kicked the Hornet's Nest (Millennium Trilogy #3),8f5d16a5a9bd58b2,1 星,Books,￥490.36,￥490.36,￥0.00,3,0
The Girl Who Played with Fire (Millennium Trilogy #2),bfa9cb304075d3e8,2 星,Books,￥188.87,￥188.87,￥0.00,3,0
Under the Banner of Heaven: A Story of Violent Faith,599a4f98bb193368,1 星,Books,￥255.93,￥255.93,￥0.00,3,0
The Girl with All the Gifts,92dcc54a27107a37,3 星,Books,￥422.02,￥422.02,￥0.00,3,0
The Goldfinch,c88422d8959260ab,3 星,Books,￥371.78,￥371.78,￥0.00,3,0
The Giver (The Giver Quartet #1),e2dac1f4739e0bd5,1 星,Books,￥104.93,￥104.93,￥0.00,3,0
The Guernsey Literary and Potato Peel Pie Society,4a0a276409968a73,1 星,Books,￥422.54,￥422.54,￥0.00,3,0
The Guns of August,b5da59dd177eb36b,2 星,Books,￥124.04,￥124.04,￥0.00,3,0
The Husband's Secret,ff6bb30dd0c482a6,5 星,Books,￥447.96,￥447.96,￥0.00,3,0
The Hitchhiker's Guide to the Galaxy (Hitchhiker's Guide to the Galaxy #1),a8b0ea6490bc818f,3 星,Books,￥407.78,￥407.78,￥0.00,3,0
"The Land of 10,000 Madonnas",35e69a79d2b1e804,4 星,Books,￥252.86,￥252.86,￥0.00,3,0
The Infinities,554e9e2d532b3a87,1 星,Books,￥233.83,￥233.83,￥0.00,3,0
The Last Painting of Sara de Vos,476c7972e9b41891,2 星,Books,￥473.89,￥473.89,￥0.00,3,0
The Lean Startup: How Today's Entrepreneurs Use Continuous Innovation to Create Radically Successful Businesses,70c7c3ca7f9b2728,3 星,Books,￥289.37,￥289.37,￥0.00,3,0
The Road to Little Dribbling: Adventures of an American in Britain (Notes From a Small Island #2),366a236aa1ea6f07,1 星,Books,￥198.00,￥198.00,￥0.00,3,0
"The Art of Simple Food: Notes, Lessons, and Recipes from a Delicious Revolution",311634df10651e05,3 星,Books,￥292.78,￥292.78,￥0.00,3,0
Shopaholic & Baby (Shopaholic #5),c57d3c96af23c297,2 星,Books,￥396.26,￥396.26,￥0.00,3,0
Something Borrowed (Darcy & Rachel #1),ac27ab4bcd9c492e,5 星,Books,￥417.67,￥417.67,￥0.00,3,0
Something Blue (Darcy & Rachel #2),3fc9d51d1c4d6ba7,1 星,Books,￥465.96,￥465.96,￥0.00,3,0
Spilled Milk: Based on a True Story,f08667e4c0458f37,1 星,Books,￥422.36,￥422.36,￥0.00,3,0
Soldier (Talon #3),feaaae90514eb2ac,2 星,Books,￥210.88,￥210.88,￥0.00,3,0
"Surely You're Joking, Mr. Feynman!: Adventures of a Curious Character",61002f3b7ba5d780,2 星,Books,￥220.35,￥220.35,￥0.00,3,0
Stiff: The Curious Lives of Human Cadavers,a11ae5f07572ef49,3 星,Books,￥313.43,￥313.43,￥0.00,3,0
The Rose & the Dagger (The Wrath and the Dawn #2),322a9e34d87f54b1,4 星,Books,￥500.25,￥500.25,￥0.00,3,0
The Autobiography of Malcolm X,b04a6a0db525857d,2 星,Books,￥199.88,￥199.88,￥0.00,3,0
The Art of Fielding,2858ac90c4758e1f,1 星,Books,￥188.53,￥188.53,￥0.00,3,0
The Blind Side: Evolution of a Game,cd3dcd83bb002e78,5 星,Books,￥458.19,￥458.19,￥0.00,3,0
The Book of Basketball: The NBA According to The Sports Guy,08decd9664e5d56e,5 星,Books,￥382.53,￥382.53,￥0.00,3,0
The Book Thief,a75e274c8814b539,2 星,Books,￥456.32,￥456.32,￥0.00,3,0
The Case for Christ (Cases for Christianity),970bd3316219e7dc,1 星,Books,￥408.12,￥408.12,￥0.00,3,0
The Cat in the Hat (Beginner Books B-1),b7f475238ed50429,2 星,Books,￥138.71,￥138.71,￥0.00,3,0
The Complete Poems,23707d3ddf14a999,5 星,Books,￥352.50,￥352.50,￥0.00,3,0
The Complete Stories and Poems (The Works of Edgar Allan Poe [Cameo Edition]),cad70d6ffd53912f,4 星,Books,￥228.46,￥228.46,￥0.00,3,0
The Cuckoo's Calling (Cormoran Strike #1),1be6d3b121865edb,1 星,Books,￥163.88,￥163.88,￥0.00,3,0
The Catcher in the Rye,487449f4f6322f0f,1 星,Books,￥209.43,￥209.43,￥0.00,3,0
The Da Vinci Code (Robert Langdon #2),dabf11918b48b40c,2 星,Books,￥195.87,￥195.87,￥0.00,3,0
"The Sandman, Vol. 3: Dream Country (The Sandman (volumes) #3)",91eb9605998a7c03,5 星,Books,￥473.89,￥473.89,￥0.00,3,0
One for the Money (Stephanie Plum #1),3250650a5c4e6f07,2 星,Books,￥280.41,￥280.41,￥0.00,3,0
Orange Is the New Black,8378c899988905ee,2 星,Books,￥209.95,￥209.95,￥0.00,3,0
Outliers: The Story of Success,09a7b0b566ad6225,1 星,Books,￥120.80,￥120.80,￥0.00,3,0
Original Fake,c59283b05905c853,3 星,Books,￥268.30,￥268.30,￥0.00,3,0
Persepolis: The Story of a Childhood (Persepolis #1-2),cb62418129b864a3,1 星,Books,￥333.81,￥333.81,￥0.00,3,0
Prodigy: The Graphic Novel (Legend: The Graphic Novel #2),9707989a439757b4,3 星,Books,￥372.20,￥372.20,￥0.00,3,0
Quiet: The Power of Introverts in a World That Can't Stop Talking,3c565df219ba3274,1 星,Books,￥371.52,￥371.52,￥0.00,3,0
Ready Player One,2ef5dc7e278e562a,4 星,Books,￥162.68,￥162.68,￥0.00,3,0
Red: The True Story of Red Riding Hood,4c8ece50736f9e88,3 星,Books,￥243.47,￥243.47,￥0.00,3,0
Rework,8e9dd8431170c09e,2 星,Books,￥382.87,￥382.87,￥0.00,3,0
Reservations for Two,ecdf73ee66c33b17,3 星,Books,￥94.69,￥94.69,￥0.00,3,0
Packing for Mars: The Curious Science of Life in the Void,8e2dfd6bcf48e1e6,2 星,Books,￥483.53,￥483.53,￥0.00,3,0
"Rise of the Rocket Girls: The Women Who Propelled Us, from Missiles to the Moon to Mars",89cad3f37c9ce226,4 星,Books,￥355.48,￥355.48,￥0.00,3,0
Running with Scissors,28921443f052bea6,4 星,Books,￥110.13,￥110.13,￥0.00,3,0
Rogue Lawyer (Rogue Lawyer #1),b4f5672f68ec3a83,3 星,Books,￥427.48,￥427.48,￥0.00,3,0
"Saga, Volume 3 (Saga (Collected Editions) #3)",7b870bf85d01c2dc,5 星,Books,￥184.01,￥184.01,￥0.00,3,0
Sarah's Key,5b2cd5b31a510848,1 星,Books,￥394.90,￥394.90,￥0.00,3,0
Scarlet (The Lunar Chronicles #2),510832818edb6fbc,4 星,Books,￥124.30,￥124.30,￥0.00,3,0
Seven Brief Lessons on Physics,281a244ce1954711,4 星,Books,￥261.05,￥261.05,￥0.00,3,0
Seven Days in the Art World,07806456878931bc,2 星,Books,￥446.42,￥446.42,￥0.00,3,0
Lady Renegades (Rebel Belle #3),16e843e6b853cc2f,5 星,Books,￥452.48,￥452.48,￥0.00,3,0
Let's Pretend This Never Happened: A Mostly True Memoir,1246e4ffeb5ac4ea,1 星,Books,￥384.83,￥384.83,￥0.00,3,0
Legend (Legend #1),0ce8075fab4a2b5b,4 星,Books,￥372.72,￥372.72,￥0.00,3,0
Letter to a Christian Nation,1de75f05d57bfc10,1 星,Books,￥189.39,￥189.39,￥0.00,3,0
"Lamb: The Gospel According to Biff, Christ's Childhood Pal",190fbebbf798c31a,5 星,Books,￥473.46,￥473.46,￥0.00,3,0
Life After Life,4ec53ff7e2263f32,2 星,Books,￥222.91,￥222.91,￥0.00,3,0
"Lean In: Women, Work, and the Will to Lead",d5e1a9bfe22bbf9f,1 星,Books,￥213.44,￥213.44,￥0.00,3,0
Life Without a Recipe,c53d9fefcda371e9,5 星,Books,￥503.66,￥503.66,￥0.00,3,0
Lila (Gilead #3),4ef75307fb64e2ad,3 星,Books,￥106.38,￥106.38,￥0.00,3,0
"Life, the Universe and Everything (Hitchhiker's Guide to the Galaxy #3)",4b3f4f151c99f472,2 星,Books,￥283.74,￥283.74,￥0.00,3,0
Lust & Wonder,0dcadb06206abd3c,2 星,Books,￥101.26,￥101.26,￥0.00,3,0
Me Talk Pretty One Day,abc4a7ee16c21088,2 星,Books,￥491.38,￥491.38,￥0.00,3,0
"Miracles from Heaven: A Little Girl, Her Journey to Heaven, and Her Amazing Story of Healing",7980fa06f2b704d8,1 星,Books,￥493.34,￥493.34,￥0.00,3,0
Midnight Riot (Peter Grant/ Rivers of London - books #1),e9056f9b5a40a301,2 星,Books,￥473.12,￥473.12,￥0.00,3,0
Morning Star (Red Rising #3),7ce5a92baabb6bc0,1 星,Books,￥250.81,￥250.81,￥0.00,3,0
Naked,54aeeb4610d3ae08,3 星,Books,￥270.34,￥270.34,￥0.00,3,0
Neither Here nor There: Travels in Europe,747cf7fca2ccdbd4,3 星,Books,￥332.28,￥332.28,￥0.00,3,0
Manuscript Found in Accra,546da23278482b0a,2 星,Books,￥298.41,￥298.41,￥0.00,3,0
Green Eggs and Ham (Beginner Books B-16),621e2c310cec8d32,4 星,Books,￥92.05,￥92.05,￥0.00,3,0
Horrible Bear!,cc1ac978a6835ef6,2 星,Books,￥320.08,￥320.08,￥0.00,3,0
Holidays on Ice,0cb4856be3694a57,2 星,Books,￥435.67,￥435.67,￥0.00,3,0
Night (The Night Trilogy #1),c4d9fce9eff3b8ba,1 星,Books,￥115.25,￥115.25,￥0.00,3,0
House of Leaves,557c03c284be1bf2,1 星,Books,￥468.26,￥468.26,￥0.00,3,0
Notes from a Small Island (Notes From a Small Island #1),cb65e49993db9a93,1 星,Books,￥342.69,￥342.69,￥0.00,3,0
Hungry Girl Clean & Hungry: Easy All-Natural Recipes for Healthy Eating in the Real World,6c4d17a46cac8787,3 星,Books,￥282.71,￥282.71,￥0.00,3,0
I Am Malala: The Girl Who Stood Up for Education and Was Shot by the Taliban,8010c7c148057fd3,2 星,Books,￥246.37,￥246.37,￥0.00,3,0
I've Got Your Number,6b32b561dab8036c,1 星,Books,￥167.97,￥167.97,￥0.00,3,0
"House of Lost Worlds: Dinosaurs, Dynasties, and the Story of Life on Earth",1812b8f5641287e3,2 星,Books,￥372.80,￥372.80,￥0.00,3,0
"In the Garden of Beasts: Love, Terror, and an American Family in Hitler's Berlin",d8292cd5f1aca291,3 星,Books,￥246.12,￥246.12,￥0.00,3,0
Heir to the Sky,b003f8bb02f76dc5,4 星,Books,￥375.96,￥375.96,￥0.00,3,0
If I Run (If I Run #1),61569d12d4ae7161,4 星,Books,￥426.29,￥426.29,￥0.00,3,0
Inferno (Robert Langdon #4),6c4646d90b60a56c,5 星,Books,￥349.77,￥349.77,￥0.00,3,0
Golden (Heart of Dread #3),984b3b6e7479b571,4 星,Books,￥360.09,￥360.09,￥0.00,3,0
Gone Girl,d5c588b6f9c015e4,5 星,Books,￥320.76,￥320.76,￥0.00,3,0
Into the Wild,a7c3f1010d64799a,5 星,Books,￥483.70,￥483.70,￥0.00,3,0
"Grayson, Vol 3: Nemesis (Grayson #3)",4f6985aca357ae09,1 星,Books,￥364.44,￥364.44,￥0.00,3,0
Gratitude,c300cc9326592b65,5 星,Books,￥227.43,￥227.43,￥0.00,3,0
Is Everyone Hanging Out Without Me? (And Other Concerns),034829ffdd0a0aea,3 星,Books,￥171.56,￥171.56,￥0.00,3,0
It's Never Too Late to Begin Again: Discovering Creativity and Meaning at Midlife and Beyond,d4a29356fc992879,1 星,Books,￥361.54,￥361.54,￥0.00,3,0
Jurassic Park (Jurassic Park #1),a0dd11f6abc421ec,1 星,Books,￥383.63,￥383.63,￥0.00,3,0
"David and Goliath: Underdogs, Misfits, and the Art of Battling Giants",d234ddecef49ef4e,1 星,Books,￥151.94,￥151.94,￥0.00,3,0
Darkfever (Fever #1),468bd274ac084bb9,1 星,Books,￥477.90,￥477.90,￥0.00,3,0
Dark Places,66937c669c4da072,5 星,Books,￥203.89,￥203.89,￥0.00,3,0
Dead Wake: The Last Crossing of the Lusitania,04d858cdeeee0da4,5 星,Books,￥334.75,￥334.75,￥0.00,3,0
Dune (Dune #1),36d5884d44484277,1 星,Books,￥468.01,￥468.01,￥0.00,3,0
Dracula,a7ec599c1a547746,3 星,Books,￥448.90,￥448.90,￥0.00,3,0
Eclipse (Twilight #3),73f71f9556442117,1 星,Books,￥159.87,￥159.87,￥0.00,3,0
Eragon (The Inheritance Cycle #1),b843f52a986a2914,3 星,Books,￥374.25,￥374.25,￥0.00,3,0
Extreme Prey (Lucas Davenport #26),588ba85ff11a3263,3 星,Books,￥216.68,￥216.68,￥0.00,3,0
Fellside,147019cae600694e,1 星,Books,￥329.46,￥329.46,￥0.00,3,0
Disrupted: My Misadventure in the Start-Up Bubble,81372abc86f65c79,5 星,Books,￥130.35,￥130.35,￥0.00,3,0
Do Androids Dream of Electric Sheep? (Blade Runner #1),98330e431e56a9ea,1 星,Books,￥439.17,￥439.17,￥0.00,3,0
Fifty Shades Freed (Fifty Shades #3),ed813a848580ba50,5 星,Books,￥131.03,￥131.03,￥0.00,3,0
Cosmos,dbe33cf29ef1623d,2 星,Books,￥308.56,￥308.56,￥0.00,3,0
Crazy Rich Asians (Crazy Rich Asians #1),c9782ad2a0ed9331,5 星,Books,￥419.12,￥419.12,￥0.00,3,0
Counting Thyme,157f693d9e600ccc,1 星,Books,￥90.60,￥90.60,￥0.00,3,0
Fire Bound (Sea Haven/Sisters of the Heart #5),2ed3a794a70aa85f,4 星,Books,￥181.54,￥181.54,￥0.00,3,0
"Friday Night Lights: A Town, a Team, and a Dream",a9aa3ed5b316470b,3 星,Books,￥436.95,￥436.95,￥0.00,3,0
Girl in the Blue Coat,41fc5dce044f16f5,2 星,Books,￥399.50,￥399.50,￥0.00,3,0
"Black Butler, Vol. 1 (Black Butler #1)",15f415d436888b2d,1 星,Books,￥420.66,￥420.66,￥0.00,3,0
Awkward,1d89a2aa9f6ce50f,2 星,Books,￥324.34,￥324.34,￥0.00,3,0
Beautiful Creatures (Caster Chronicles #1),5439bae708bca198,5 星,Books,￥183.84,￥183.84,￥0.00,3,0
Beowulf,3fb69f34e178d494,2 星,Books,￥327.16,￥327.16,￥0.00,3,0
Best of My Love (Fool's Gold #20),67dea6c75d6a1075,2 星,Books,￥233.83,￥233.83,￥0.00,3,0
Big Little Lies,d3f9c4539c0caa64,1 星,Books,￥188.62,￥188.62,￥0.00,3,0
Between Shades of Gray,155e42df837ee5ff,5 星,Books,￥177.36,￥177.36,￥0.00,3,0
"Fruits Basket, Vol. 3 (Fruits Basket #3)",d5f5a122a593b580,2 星,Books,￥385.34,￥385.34,￥0.00,3,0
Black Flags: The Rise of ISIS,860318b8e244f39c,1 星,Books,￥348.66,￥348.66,￥0.00,3,0
Blink: The Power of Thinking Without Thinking,0bbc48294707ba96,5 星,Books,￥185.46,￥185.46,￥0.00,3,0
Boy Meets Boy,8e0bc2fe4e7d35b5,3 星,Books,￥180.17,￥180.17,￥0.00,3,0
Brave Enough,fd2337c1b73b686e,5 星,Books,￥437.81,￥437.81,￥0.00,3,0
"Born to Run: A Hidden Tribe, Superathletes, and the Greatest Race the World Has Never Seen",e256de8aa0c2115f,2 星,Books,￥233.32,￥233.32,￥0.00,3,0
Career of Evil (Cormoran Strike #3),b461cf238506c5b8,2 星,Books,￥210.88,￥210.88,￥0.00,3,0
Breaking Dawn (Twilight #4),bbfc4a3b7b6c94a0,5 星,Books,￥300.97,￥300.97,￥0.00,3,0
Catastrophic Happiness: Finding Joy in Childhood's Messy Years,ef49db2aaa9bb547,2 星,Books,￥318.63,￥318.63,￥0.00,3,0
Are We Smart Enough to Know How Smart Animals Are?,da0349a87c8caa2f,1 星,Books,￥482.68,￥482.68,￥0.00,3,0
Are We There Yet?,ef9c4f2465513956,3 星,Books,￥90.94,￥90.94,￥0.00,3,0
Ash,5d22e2a46604b6e7,4 星,Books,￥188.19,￥188.19,￥0.00,3,0
Cinder (The Lunar Chronicles #1),7e9579921e5407cb,1 星,Books,￥222.57,￥222.57,￥0.00,3,0
Civilization and Its Discontents,396385e3de5d18c3,2 星,Books,￥511.43,￥511.43,￥0.00,3,0
A Visit from the Goon Squad,5dbd6ec4e154ad2f,5 星,Books,￥120.12,￥120.12,￥0.00,3,0
A Storm of Swords (A Song of Ice and Fire #3),87beabf664115d79,2 星,Books,￥266.33,￥266.33,￥0.00,3,0
A Walk in the Woods: Rediscovering America on the Appalachian Trail,bcee4f289ff6699c,4 星,Books,￥260.02,￥260.02,￥0.00,3,0
Annie on My Mind,7bf87402413c27ff,5 星,Books,￥314.19,￥314.19,￥0.00,3,0
And Then There Were None,cfe350b20d23b02b,2 星,Books,￥298.67,￥298.67,￥0.00,3,0
8 Keys to Mental Health Through Exercise,f5873c8fc7760000,1 星,Books,￥264.80,￥264.80,￥0.00,3,0
H is for Hawk,b6d3f4f4ee1f6069,5 星,Books,￥489.84,￥489.84,￥0.00,2,0
Girl Online On Tour (Girl Online #2),97b8f130d32e9f4e,1 星,Books,￥456.15,￥456.15,￥0.00,2,0
Kindle Paperwhite User's Guide,fb495f9f9015a772,3 星,Books,￥290.05,￥290.05,￥0.00,2,0
New Moon (Twilight #2),6fa3ea52c8e31e06,4 星,Books,￥109.71,￥109.71,￥0.00,2,0
Life,637e5a45062aa548,5 星,Books,￥269.41,￥269.41,￥0.00,2,0
A Heartbreaking Work of Staggering Genius,c9770bb1d5a492a0,5 星,Books,￥463.14,￥463.14,￥0.00,3,0
"Run, Spot, Run: The Ethics of Keeping Pets",b0e479be03911916,1 星,Books,￥170.79,￥170.79,￥0.00,2,0
"Saga, Volume 2 (Saga (Collected Editions) #2)",9189fd009df41d0e,3 星,Books,￥100.24,￥100.24,￥0.00,2,0
Sugar Rush (Offensive Line #2),ce42e3de94226b2b,1 星,Books,￥208.32,￥208.32,￥0.00,2,0
The Course of Love,f3c76b53b239f511,3 星,Books,￥143.15,￥143.15,￥0.00,2,0
"The Sandman, Vol. 2: The Doll's House (The Sandman (volumes) #2)",276dc716b1da8899,1 星,Books,￥467.58,￥467.58,￥0.00,2,0
"The Suffragettes (Little Black Classics, #96)",d2185b65af52d68c,2 星,Books,￥101.43,￥101.43,￥0.00,2,0
The Sense of an Ending,4130678275eb7c8c,3 星,Books,￥267.70,￥267.70,￥0.00,2,0
The Silent Wife,b78deb463531d078,5 星,Books,￥105.27,￥105.27,￥0.00,1,0
#GIRLBOSS,165affa7adb5eded,1 星,Books,￥434.73,￥434.73,￥0.00,3,0
The Tumor,6514add13c82b115,5 星,Books,￥354.54,￥354.54,￥0.00,1,0
"The Wicked + The Divine, Vol. 1: The Faust Act (The Wicked + The Divine)",dac9d1e654fac737,2 星,Books,￥311.55,￥311.55,￥0.00,1,0
This One Moment (Pushing Limits #1),d6d98d3508c30f57,1 星,Books,￥415.54,￥415.54,￥0.00,1,0
The Zombie Room,9c96cd1329fbd82d,5 星,Books,￥167.97,￥167.97,￥0.00,1,0
Three Wishes (River of Time: California #1),460f97a346b44bac,2 星,Books,￥376.90,￥376.90,￥0.00,1,0
The Silent Twin (Detective Jennifer Knight #3),9e9932ae1a7d0943,3 星,Books,￥309.25,￥309.25,￥0.00,1,0
Travels with Charley: In Search of America,0268f149d014b389,5 星,Books,￥493.26,￥493.26,￥0.00,1,0
Vampire Girl (Vampire Girl #1),dab5e75d1339706a,2 星,Books,￥459.13,￥459.13,￥0.00,1,0
Twenty Love Poems and a Song of Despair,e63c3f25338baf9a,4 星,Books,￥264.03,￥264.03,￥0.00,1,0
"Vampire Knight, Vol. 1 (Vampire Knight #1)",e7e87087b1a44711,1 星,Books,￥131.38,￥131.38,￥0.00,1,0
The Selfish Gene,6f2c0a9adbb2bca9,1 星,Books,￥251.24,￥251.24,￥0.00,1,0
The Story of Hong Gildong,32d035df92ab9080,4 星,Books,￥368.45,￥368.45,￥0.00,1,0
Ways of Seeing,66a4e422b212726a,5 星,Books,￥337.06,￥337.06,￥0.00,1,0
While You Were Mine,8ceb5c6aed2c5f8b,5 星,Books,￥352.50,￥352.50,￥0.00,1,0
When I'm Gone,c5f91eb481427dc5,3 星,Books,￥443.27,￥443.27,￥0.00,1,0
Where Lightning Strikes (Bleeding Stars #3),def389ddfda6991b,3 星,Books,￥339.27,￥339.27,￥0.00,1,0
Diary of a Minecraft Zombie Book 1: A Scare of a Dare (An Unofficial Minecraft Book),d7b463918d3b8c39,4 星,Books,￥451.11,￥451.11,￥0.00,2,0
"Y: The Last Man, Vol. 1: Unmanned (Y: The Last Man #1)",09d26b5f819c6a36,4 星,Books,￥157.91,￥157.91,￥0.00,1,0
"Fruits Basket, Vol. 2 (Fruits Basket #2)",c0db71f6bb14db11,5 星,Books,￥99.30,￥99.30,￥0.00,2,0
The Girl You Lost,4280ac3eab57aa5d,5 星,Books,￥104.84,￥104.84,￥0.00,1,0
The Hook Up (Game On #1),6e473eff459e809f,5 星,Books,￥309.59,￥309.59,￥0.00,1,0
The Haters,fff8a057a40c4a60,5 星,Books,￥237.93,￥237.93,￥0.00,1,0
The Iliad,86d8bd7afa5b51b3,1 星,Books,￥137.86,￥137.86,￥0.00,1,0
The Last Girl (The Dominion Trilogy #1),16c71736dae78764,2 星,Books,￥309.33,￥309.33,￥0.00,1,0
The Mirror & the Maze (The Wrath and the Dawn #1.5),c40b70e0f6d80189,1 星,Books,￥250.64,￥250.64,￥0.00,1,0
The Communist Manifesto,18b4545a5ed15581,3 星,Books,￥125.92,￥125.92,￥0.00,1,0
The Light of the Fireflies,04e43893e32f9d29,1 星,Books,￥464.34,￥464.34,￥0.00,1,0
The Little Prince,1aeca7d078d57deb,2 星,Books,￥387.47,￥387.47,￥0.00,1,0
The Complete Maus (Maus #1-2),3301af038a720587,3 星,Books,￥90.77,￥90.77,￥0.00,1,0
The Girl In The Ice (DCI Erika Foster #1),ee61197edb882599,3 星,Books,￥135.21,￥135.21,￥0.00,1,0
The Edge of Reason (Bridget Jones #2),29fc016c459aeb14,4 星,Books,￥163.62,￥163.62,￥0.00,1,0
The End of the Jesus Era (An Investigation #1),09659d1639a1f978,1 星,Books,￥122.84,￥122.84,￥0.00,1,0
The Name of the Wind (The Kingkiller Chronicle #1),c8614adb1a90b027,3 星,Books,￥431.58,￥431.58,￥0.00,1,0
The Nicomachean Ethics,5c10b64db3e4f228,1 星,Books,￥310.01,￥310.01,￥0.00,1,0
The Republic,0ec9d2b018fb10d8,3 星,Books,￥288.17,￥288.17,￥0.00,1,0
The No. 1 Ladies' Detective Agency (No. 1 Ladies' Detective Agency #1),b0913e67d38d5ed5,4 星,Books,￥492.23,￥492.23,￥0.00,1,0
The Odyssey,f0512adadffd2480,3 星,Books,￥252.86,￥252.86,￥0.00,1,0
"Ouran High School Host Club, Vol. 1 (Ouran High School Host Club #1)",326825e02a198cf6,3 星,Books,￥254.82,￥254.82,￥0.00,1,0
"Paper Girls, Vol. 1 (Paper Girls #1-5)",bcbcbcf0f6ed196f,4 星,Books,￥185.21,￥185.21,￥0.00,1,0
Paradise Lost (Paradise #1),849db7ab7f4a640c,1 星,Books,￥212.93,￥212.93,￥0.00,1,0
"Rat Queens, Vol. 1: Sass & Sorcery (Rat Queens (Collected Editions) #1-5)",3cdca3b4a93980f5,5 星,Books,￥400.61,￥400.61,￥0.00,1,0
"Rhythm, Chord & Malykhin",9efb397067eb7e8a,2 星,Books,￥241.77,￥241.77,￥0.00,1,0
The Secret Healer,38f776ab9118aed7,3 星,Books,￥294.83,￥294.83,￥0.00,1,0
"Saga, Volume 1 (Saga (Collected Editions) #1)",4f64568dfefa3ce7,1 星,Books,￥242.96,￥242.96,￥0.00,1,0
Sense and Sensibility,35e44170702139a4,1 星,Books,￥319.57,￥319.57,￥0.00,1,0
"The Sandman, Vol. 1: Preludes and Nocturnes (The Sandman (volumes) #1)",5faefdc861684eb1,3 星,Books,￥461.69,￥461.69,￥0.00,1,0
One Second (Seven #7),7ea31f38675b91c1,2 星,Books,￥451.63,￥451.63,￥0.00,1,0
Origins (Alphas 0.5),8932e5c12f12ffed,1 星,Books,￥247.31,￥247.31,￥0.00,1,0
Shatter Me (Shatter Me #1),9ed7090d8fa690b0,1 星,Books,￥361.71,￥361.71,￥0.00,1,0
Sister Sable (The Mad Queen #1),3a9a7c5895e82646,3 星,Books,￥113.72,￥113.72,￥0.00,1,0
Taking Shots (Assassins #1),a7eef9d6795422c1,2 星,Books,￥161.06,￥161.06,￥0.00,1,0
Shadow Rites (Jane Yellowrock #10),229cd6564bf0dce4,4 星,Books,￥185.29,￥185.29,￥0.00,1,0
Starlark,e25164e5b3fe208b,3 星,Books,￥220.35,￥220.35,￥0.00,1,0
Settling the Score (The Summer Games #1),132adf7335bb384a,2 星,Books,￥383.12,￥383.12,￥0.00,1,0
Shameless,c068c013d6921fea,3 星,Books,￥497.78,￥497.78,￥0.00,1,0
"Skip Beat!, Vol. 01 (Skip Beat! #1)",2ac720f76384c57e,3 星,Books,￥359.32,￥359.32,￥0.00,1,0
The Art of Not Breathing,5bc1fbccfbf2355c,4 星,Books,￥348.32,￥348.32,￥0.00,1,0
The Bette Davis Club,dfb0849016bc122c,3 星,Books,￥261.56,￥261.56,￥0.00,1,0
The Bhagavad Gita,f3a0b8c835129558,3 星,Books,￥490.44,￥490.44,￥0.00,1,0
"Hawkeye, Vol. 1: My Life as a Weapon (Hawkeye #1)",6fe02600f322a0a9,3 星,Books,￥385.94,￥385.94,￥0.00,1,0
Icing (Aces Hockey #2),3455b45888fb5053,4 星,Books,￥344.99,￥344.99,￥0.00,1,0
Jane Eyre,8d390a1fc3133d06,5 星,Books,￥327.84,￥327.84,￥0.00,1,0
Listen to Me (Fusion #1),6e712ea24e77bd96,3 星,Books,￥503.24,￥503.24,￥0.00,1,0
"Giant Days, Vol. 1 (Giant Days #1-4)",eb0fe24bbc845ecc,4 星,Books,￥484.21,￥484.21,￥0.00,1,0
Having the Barbarian's Baby (Ice Planet Barbarians #7.5),6717a70913b3db79,4 星,Books,￥298.24,￥298.24,￥0.00,1,0
Kitchens of the Great Midwest,06f6a57a6d532844,5 星,Books,￥487.97,￥487.97,￥0.00,1,0
Lord of the Flies,71a6471bbdac21d9,3 星,Books,￥212.33,￥212.33,￥0.00,1,0
Lost Among the Living,d510567580c8be52,4 星,Books,￥236.31,￥236.31,￥0.00,1,0
Meditations,4f19709e47883df5,2 星,Books,￥220.87,￥220.87,￥0.00,1,0
Matilda,1053fb7ee17a1f33,1 星,Books,￥241.77,￥241.77,￥0.00,1,0
"Ms. Marvel, Vol. 1: No Normal (Ms. Marvel (2014-2015) #1)",35a60467893aa168,4 星,Books,￥336.03,￥336.03,￥0.00,1,0
My Perfect Mistake (Over the Top #1),fd78f89878479f56,2 星,Books,￥332.02,￥332.02,￥0.00,1,0
Myriad (Prentor #1),63e20a0f98218a87,4 星,Books,￥501.19,￥501.19,￥0.00,1,0
Of Mice and Men,39592d9d72e717c4,2 星,Books,￥401.89,￥401.89,￥0.00,1,0
Off Sides (Off #1),b6f1cfadc4dd79d4,5 星,Books,￥336.54,￥336.54,￥0.00,1,0
Old Records Never Die: One Man's Quest for His Vinyl and His Past,a1985630339f4b3d,2 星,Books,￥474.83,￥474.83,￥0.00,1,0
On the Road (Duluoz Legend),9ff997ab15713e53,3 星,Books,￥276.06,￥276.06,￥0.00,1,0
Imperfect Harmony,f28f7299d38c0932,4 星,Books,￥296.36,￥296.36,￥0.00,1,0
Charlie and the Chocolate Factory (Charlie Bucket #1),1774749f2cee292f,3 星,Books,￥194.93,￥194.93,￥0.00,1,0
"1,000 Places to See Before You Die",228ba5e7577e1d49,5 星,Books,￥222.49,￥222.49,￥0.00,1,0
Choosing Our Religion: The Spiritual Lives of America's Nones,a812f6969ddf3e39,4 星,Books,￥242.45,￥242.45,￥0.00,1,0
1st to Die (Women's Murder Club #1),f684a82adc49f011,1 星,Books,￥460.50,￥460.50,￥0.00,1,0
Bright Lines,230ac636ea0ea415,5 星,Books,￥333.30,￥333.30,￥0.00,1,0
Charity's Cross (Charles Towne Belles #4),a96404cb928895f3,1 星,Books,￥351.81,￥351.81,￥0.00,1,0
A Spy's Devotion (The Regency Spies of London #1),19fec36a1dfb4c16,5 星,Books,￥144.77,￥144.77,￥0.00,1,0
"Ajin: Demi-Human, Volume 1 (Ajin: Demi-Human #1)",bfd5e1701c862ac3,4 星,Books,￥486.77,￥486.77,￥0.00,1,0
"Fruits Basket, Vol. 1 (Fruits Basket #1)",72e6fbf4f6382557,5 星,Books,￥343.62,￥343.62,￥0.00,1,0
Beyond Good and Evil,08672cd59171d5e4,1 星,Books,￥370.07,￥370.07,￥0.00,1,0
"Bleach, Vol. 1: Strawberry and the Soul Reapers (Bleach #1)",099fae4a0705d63b,5 星,Books,￥295.60,￥295.60,￥0.00,1,0
Alice in Wonderland (Alice's Adventures in Wonderland #1),cd2a2a70dd5d176d,1 星,Books,￥473.72,￥473.72,￥0.00,1,0
Blood Defense (Samantha Brinkman #1),95cdfd514098c38b,3 星,Books,￥173.18,￥173.18,￥0.00,1,0
Bounty (Colorado Mountain #7),abc0b15f2c907ff0,4 星,Books,￥317.86,￥317.86,￥0.00,1,0
Deep Under (Walker Security #1),0072b94dfa30608e,5 星,Books,￥401.72,￥401.72,￥0.00,1,0
Bridget Jones's Diary (Bridget Jones #1),a2b4b685dfa94733,1 星,Books,￥254.39,￥254.39,￥0.00,1,0
Emma,2e69730561ed70ad,2 星,Books,￥280.92,￥280.92,￥0.00,1,0
Fighting Fate (Fighting #6),6390772a3094939d,3 星,Books,￥334.75,￥334.75,￥0.00,1,0
Forever Rockers (The Rocker #12),e564c3f1a93ccf2e,3 星,Books,￥245.69,￥245.69,￥0.00,1,0
Frankenstein,a492f49a3e2b6a71,2 星,Books,￥324.17,￥324.17,￥0.00,1,0
"Eat, Pray, Love",df56868afd166557,3 星,Books,￥437.81,￥437.81,￥0.00,1,0
